,car_name,brand,year,mileage,location,transmission,plate_type,rear_camera,sun_roof,auto_retract_mirror,electric_parking_brake,map_navigator,vehicle_stability_control,keyless_push_start,sports_mode,camera_view,power_sliding_door,auto_cruise_control,price,instalment
0,AYLA X 1.2,Daihatsu,2018,11.0,Jakarta Utara,Manual,even plate,0,0,0,0,0,0,0,0,0,0,0,101000000,2060000
1,AGYA TRD SPORTIVO 1.0,Toyota,2015,113.0,Bogor,Manual,even plate,0,0,0,0,0,0,0,0,0,0,0,82000000,1670000
2,X-TRAIL 2.5,Nissan,2015,118.0,Surabaya,Automatic,odd plate,0,0,0,0,0,0,1,0,1,0,0,169000000,3440000
3,YARIS S TRD 1.5,Toyota,2020,16.0,Tangerang Selatan,Automatic,odd plate,0,0,0,0,0,0,0,0,0,0,0,218000000,4440000
4,AGYA G 1.2,Toyota,2019,30.0,Jakarta Barat,Manual,odd plate,0,0,0,0,0,0,0,0,0,0,0,117000000,2380000
5,AVANZA G 1.3,Toyota,2021,17.0,Tangerang Selatan,Manual,even plate,0,0,1,0,0,0,0,0,0,0,0,180000000,3670000
6,AVANZA G 1.5,Toyota,2022,12.0,Surabaya,Manual,even plate,0,0,1,0,0,0,0,0,0,0,0,211000000,4300000
7,OUTLANDER SPORT PX 2.0,Mitsubishi,2016,127.0,Bekasi,Automatic,even plate,0,1,1,0,0,0,0,0,0,0,0,190000000,3870000
8,BRIO SATYA E 1.2,Honda,2019,33.0,Bandung,Manual,odd plate,0,0,0,0,0,0,0,0,0,0,0,140000000,2850000
9,HR-V S 1.5,Honda,2021,33.0,Malang,Automatic,odd plate,0,0,1,1,0,0,0,0,0,0,0,248000000,5050000
10,AGYA G TRD 1.2,Toyota,2018,45.0,Bandung,Manual,even plate,0,0,0,0,0,0,0,0,0,0,0,117000000,2380000
11,AYLA R 1.2,Daihatsu,2019,43.0,Depok,Manual,even plate,0,0,0,0,0,0,0,0,0,0,0,114000000,2320000
12,AYLA R 1.2,Daihatsu,2019,57.0,Bekasi,Manual,odd plate,0,0,0,0,0,0,0,0,0,0,0,110000000,2240000
13,AYLA R DLX 1.2,Daihatsu,2017,53.0,Jakarta Selatan,Automatic,odd plate,0,0,0,0,0,0,0,0,0,0,0,115000000,2340000
14,AGYA G TRD 1.2,Toyota,2019,46.0,Jakarta Utara,Manual,odd plate,0,0,0,0,0,0,0,0,0,0,0,118000000,2400000
15,ALMAZ LT LUX 1.5,Wuling,2019,58.0,Malang,Automatic,even plate,0,1,1,0,0,0,0,0,0,0,0,198000000,4030000
16,TERIOS TX 1.5,Daihatsu,2015,119.0,Depok,Manual,odd plate,0,0,1,0,1,0,0,0,0,0,0,141000000,2870000
17,AGYA G TRD 1.2,Toyota,2018,78.0,Bekasi,Manual,odd plate,0,0,0,0,0,0,0,0,0,0,0,117000000,2380000
18,MOBILIO E 1.5,Honda,2018,45.0,Jakarta Timur,Manual,odd plate,0,0,0,0,0,0,0,0,0,0,0,155000000,3160000
19,AYLA R 1.2,Daihatsu,2018,37.0,Bogor,Manual,odd plate,0,0,0,0,0,0,0,0,0,0,0,108000000,2200000
20,AYLA R 1.2,Daihatsu,2017,62.0,Jakarta Timur,Manual,odd plate,0,0,0,0,0,0,0,0,0,0,0,105500000,2150000
21,AYLA R 1.2,Daihatsu,2018,47.0,Bogor,Manual,odd plate,0,0,0,0,0,0,0,0,0,0,0,111000000,2260000
22,ERTIGA GL 1.5,Suzuki,2022,178.0,Bogor,Manual,even plate,0,0,0,0,0,0,0,0,0,0,0,190000000,3870000
23,AYLA R 1.2,Daihatsu,2019,10.0,Tangerang Selatan,Manual,odd plate,0,0,0,0,0,0,0,0,0,0,0,114000000,2320000
24,CR-V TURBO 1.5,Honda,2017,75.0,Jakarta Utara,Automatic,even plate,0,0,0,1,0,0,1,0,0,0,0,340000000,6930000
25,CONFERO 2WD 1.5,Wuling,2020,18.0,Malang,Manual,even plate,0,0,0,0,0,0,0,0,0,0,0,101500000,2069999
26,ALMAZ LT LUX 1.5,Wuling,2019,50.0,Jakarta Timur,Automatic,odd plate,0,1,1,0,0,0,0,0,0,0,0,202000000,4120000
27,LIVINA VL 1.5,Nissan,2019,64.0,Tangerang Selatan,Automatic,even plate,0,0,1,0,0,1,0,0,0,0,0,197000000,4010000
28,CALYA G 1.2,Toyota,2021,44.0,Bandung,Automatic,even plate,0,0,1,0,0,0,0,0,0,0,0,138000000,2810000
29,BRIO SATYA E 1.2,Honda,2018,25.0,Bandung,Manual,even plate,0,0,0,0,0,0,0,0,0,0,0,135000000,2750000
30,TERIOS R 1.5,Daihatsu,2019,42.0,Bekasi,Manual,even plate,0,0,1,0,0,1,0,0,0,0,0,193000000,3930000
31,AVANZA G 1.3,Toyota,2015,81.0,Surabaya,Manual,odd plate,0,0,0,0,0,0,0,0,0,0,0,127000000,2590000
32,HR-V S 1.5,Honda,2018,65.0,Bogor,Automatic,even plate,0,0,1,1,0,0,0,0,0,0,0,208000000,4240000
33,XPANDER ULTIMATE 1.5,Mitsubishi,2019,73.0,Jakarta Utara,Automatic,even plate,0,0,1,0,0,0,0,0,0,0,1,216000000,4400000
34,XPANDER ULTIMATE 1.5,Mitsubishi,2018,77.0,Bandung,Automatic,odd plate,0,0,1,0,0,1,0,0,0,0,0,204000000,4160000
35,AYLA X 1.0,Daihatsu,2016,63.0,Tangerang Selatan,Manual,odd plate,0,0,0,0,0,0,0,0,0,0,0,89000000,1810000
36,AGYA G TRD 1.2,Toyota,2020,44.0,Depok,Manual,even plate,0,0,0,0,0,0,0,0,0,0,0,123000000,2510000
37,AYLA X 1.2,Daihatsu,2019,86.0,Bekasi,Manual,odd plate,0,0,0,0,0,0,0,0,0,0,0,107000000,2180000
38,CALYA G 1.2,Toyota,2020,55.0,Bekasi,Manual,even plate,0,0,1,0,0,0,0,0,0,0,0,133000000,2710000
39,HR-V E 1.5,Honda,2019,35.0,Jakarta Timur,Automatic,odd plate,0,0,0,1,0,0,1,0,0,0,0,248000000,5050000
40,OUTLANDER SPORT PX 2.0,Mitsubishi,2018,57.0,Jakarta Timur,Automatic,odd plate,1,0,1,0,0,0,0,0,0,0,0,228000000,4650000
41,OUTLANDER SPORT GLS 2.0,Mitsubishi,2014,133.0,Jakarta Utara,Automatic,odd plate,0,0,0,0,0,0,0,1,0,0,0,157000000,3200000
42,BRIO SATYA E 1.2,Honda,2019,35.0,Bandung,Manual,odd plate,0,0,0,0,0,0,0,0,0,0,0,142000000,2890000
43,AVANZA G 1.3,Toyota,2016,98.0,Jakarta Barat,Manual,even plate,0,0,0,0,0,0,0,0,0,0,0,143000000,2910000
44,OUTLANDER SPORT PX 2.0,Mitsubishi,2016,92.0,Bogor,Automatic,odd plate,0,1,1,0,0,0,0,0,0,0,0,195000000,3970000
45,HR-V SE 1.5,Honda,2018,62.0,Bekasi,Automatic,even plate,0,0,1,0,0,0,0,0,0,0,0,254000000,5180000
46,ALMAZ S+T 1.5,Wuling,2019,77.0,Bandung,Automatic,even plate,1,0,0,1,0,0,0,0,0,0,0,199000000,4050000
47,IGNIS GL 1.2,Suzuki,2018,44.0,Bandung,Manual,odd plate,1,0,0,0,0,0,0,0,0,0,0,111500000,2270000
48,ALMAZ S+T 1.5,Wuling,2019,28.0,Bandung,Automatic,odd plate,1,0,0,0,0,0,0,1,0,0,0,203000000,4139999
49,AYLA R 1.2,Daihatsu,2018,85.0,Jakarta Pusat,Automatic,odd plate,0,0,0,0,0,0,0,0,0,0,0,117000000,2380000
50,TERIOS R 1.5,Daihatsu,2019,41.0,Bogor,Manual,even plate,0,0,1,0,0,0,1,0,0,0,0,193000000,3930000
51,XPANDER ULTIMATE 1.5,Mitsubishi,2019,63.0,Bogor,Automatic,even plate,0,0,1,0,0,0,0,0,0,0,1,213000000,4340000
52,CR-V TURBO 1.5,Honda,2017,65.0,Jakarta Selatan,Automatic,odd plate,0,0,1,0,0,0,0,0,0,0,0,335000000,6830000
53,HR-V SE 1.5,Honda,2018,44.0,Tangerang Selatan,Automatic,even plate,0,0,1,0,0,0,0,0,0,0,0,255000000,5200000
54,KIJANG INNOVA REBORN G 2.0,Toyota,2017,51.0,Jakarta Barat,Manual,even plate,0,0,0,0,0,0,0,1,0,0,0,242000000,4930000
55,MOBILIO RS 1.5,Honda,2016,84.0,Bogor,Automatic,even plate,1,0,0,0,0,0,0,1,0,0,0,155000000,3160000
56,KIJANG INNOVA V 2.0,Toyota,2014,88.0,Tangerang Selatan,Automatic,odd plate,0,0,0,0,0,0,0,0,0,0,0,193000000,3930000
57,AGYA G TRD 1.2,Toyota,2019,54.0,Bekasi,Manual,even plate,0,0,0,0,0,0,0,0,0,0,0,122000000,2490000
58,KIJANG INNOVA G 2.0,Toyota,2016,75.0,Tangerang Selatan,Automatic,odd plate,0,0,0,0,0,0,0,1,0,0,0,233000000,4750000
59,IGNIS GL 1.2,Suzuki,2017,79.0,Bandung,Manual,even plate,0,0,0,0,0,0,0,0,0,0,0,110000000,2240000
60,AGYA GR SPORT 1.2,Toyota,2022,6.0,Bogor,Manual,even plate,0,0,1,0,0,0,0,0,0,0,0,143000000,2910000
61,AYLA R 1.2,Daihatsu,2020,16.0,Bogor,Manual,odd plate,0,0,0,0,0,0,0,0,0,0,0,123000000,2510000
62,MOBILIO E 1.5,Honda,2014,85.0,Tangerang Selatan,Manual,even plate,0,0,0,0,0,0,0,0,0,0,0,127000000,2590000
63,AYLA R 1.2,Daihatsu,2018,9.0,Bekasi,Manual,odd plate,0,0,0,0,0,0,0,0,0,0,0,106000000,2160000
64,TERIOS X DLX 1.5,Daihatsu,2021,30.0,Depok,Automatic,odd plate,1,0,0,0,0,0,0,0,0,0,0,207000000,4220000
65,BRIO SATYA E 1.2,Honda,2020,16.0,Bogor,Manual,odd plate,0,0,0,0,0,0,0,0,0,0,0,147000000,3000000
66,HR-V SE 1.5,Honda,2018,83.0,Tangerang Selatan,Automatic,even plate,0,0,1,0,0,0,0,0,0,0,0,257000000,5240000
67,BRIO SATYA E 1.2,Honda,2018,36.0,Jakarta Barat,Automatic,odd plate,0,0,0,0,0,0,0,1,0,0,0,139000000,2830000
68,BRIO RS 1.2,Honda,2020,46.0,Bogor,Automatic,odd plate,0,0,1,0,0,0,0,1,0,0,0,180000000,3670000
69,FORTUNER VRZ 2.4,Toyota,2016,95.0,Jakarta Selatan,Automatic,even plate,0,0,1,0,0,0,0,0,0,0,0,365000000,7440000
70,CX-5 ELITE 2.5,Mazda,2019,45.0,Tangerang Selatan,Automatic,even plate,0,0,1,0,0,0,0,0,0,0,0,426000000,8680000
71,GRAND LIVINA XV 1.5,Nissan,2018,98.0,Jakarta Utara,Automatic,odd plate,1,0,0,0,0,0,0,0,0,0,0,148000000,3020000
72,ERTIGA GL 1.5,Suzuki,2019,50.0,Tangerang Selatan,Manual,even plate,0,0,0,0,0,0,0,0,0,0,0,163000000,3320000
73,AGYA G 1.0,Toyota,2017,78.0,Bogor,Manual,even plate,0,0,0,0,0,0,0,0,0,0,0,99000000,2020000
74,AGYA G TRD 1.2,Toyota,2019,56.0,Jakarta Utara,Automatic,even plate,0,0,0,0,0,0,0,0,0,0,0,128000000,2610000
75,IGNIS GX 1.2,Suzuki,2021,27.0,Bekasi,Manual,odd plate,0,0,1,0,0,0,1,0,0,0,0,148000000,3020000
76,HR-V S 1.5,Honda,2019,61.0,Jakarta Timur,Automatic,even plate,0,0,1,0,0,1,0,0,0,0,0,231000000,4710000
77,CORTEZ C T LUX 1.5,Wuling,2019,56.0,Surabaya,Automatic,odd plate,0,0,1,0,0,1,0,0,0,0,0,168000000,3420000
78,ALMAZ RS LT LUX + SC CVT 1.5,Wuling,2021,38.0,Tangerang Selatan,Automatic,odd plate,0,1,0,0,0,0,0,0,1,0,0,273000000,5560000
79,CONFERO S 1.5,Wuling,2019,33.0,Jakarta Barat,Manual,even plate,0,0,0,0,0,0,0,0,0,0,0,104000000,2120000
80,AYLA X 1.0,Daihatsu,2019,74.0,Bekasi,Manual,even plate,0,0,0,0,0,0,0,0,0,0,0,100000000,2040000
81,ALMAZ L TURBO 1.5,Wuling,2019,43.0,Bekasi,Automatic,odd plate,0,0,1,0,0,0,0,0,1,0,0,204000000,4160000
82,AYLA R 1.2,Daihatsu,2019,25.0,Bogor,Manual,odd plate,0,0,0,0,0,0,0,0,0,0,0,117000000,2380000
83,KIJANG INNOVA REBORN VENTURER GASOLINE 2.0,Toyota,2017,90.0,Jakarta Utara,Automatic,even plate,0,0,1,0,0,0,0,1,0,0,0,316000000,6440000
84,AGYA G 1.0,Toyota,2014,95.0,Bandung,Manual,even plate,1,0,0,0,0,0,0,0,0,0,0,87000000,1770000
85,BALENO HATCHBACK 1.4,Suzuki,2019,72.0,Jakarta Timur,Automatic,odd plate,0,0,1,0,0,0,1,0,0,0,0,176000000,3590000
86,BALENO HATCHBACK 1.4,Suzuki,2019,41.0,Bogor,Manual,even plate,0,0,1,0,0,0,1,0,0,0,0,160000000,3260000
87,AYLA R DLX 1.2,Daihatsu,2018,22.0,Tangerang Selatan,Manual,odd plate,0,0,0,0,0,0,0,0,0,0,0,114000000,2320000
88,XPANDER ULTIMATE 1.5,Mitsubishi,2018,66.0,Bogor,Automatic,even plate,0,0,1,0,0,1,0,0,0,0,0,209000000,4260000
89,XPANDER ULTIMATE 1.5,Mitsubishi,2018,58.0,Jakarta Barat,Automatic,even plate,0,0,1,0,0,1,0,0,0,0,0,210000000,4280000
90,AYLA X 1.0,Daihatsu,2018,28.0,Jakarta Utara,Manual,even plate,0,0,0,0,0,0,0,0,0,0,0,100000000,2040000
91,AYLA R 1.2,Daihatsu,2020,55.0,Tangerang Selatan,Automatic,odd plate,1,0,1,0,0,0,0,0,0,0,0,136000000,2770000
92,ALMAZ LT LUX 1.5,Wuling,2019,42.0,Jakarta Barat,Automatic,even plate,0,1,1,0,0,0,0,0,0,0,0,203000000,4139999
93,TERIOS X 1.5,Daihatsu,2015,116.0,Jakarta Utara,Manual,even plate,0,0,0,0,0,0,0,0,0,0,0,148000000,3020000
94,ALMAZ LT LUX + SC CVT 1.5,Wuling,2019,64.0,Bogor,Automatic,even plate,0,1,1,0,0,0,0,0,0,0,0,214000000,4360000
95,AVANZA G 1.5,Toyota,2022,8.0,Malang,Manual,even plate,0,0,1,0,0,1,0,0,0,0,0,219000000,4460000
96,BRIO SATYA E 1.2,Honda,2019,43.0,Bekasi,Manual,odd plate,0,0,0,0,0,0,0,0,0,0,0,142000000,2890000
97,CITY RS HATCHBACK 1.5,Honda,2021,19.0,Bekasi,Automatic,even plate,0,0,1,0,0,0,0,0,0,0,0,261000000,5320000
98,HR-V E 1.5,Honda,2015,122.0,Bogor,Automatic,even plate,0,0,1,0,0,0,0,0,0,0,0,198000000,4030000
99,AYLA X ELEGANT 1.0,Daihatsu,2017,34.0,Jakarta Utara,Manual,odd plate,0,0,0,0,0,0,0,0,0,0,0,96000000,1960000
100,KIJANG INNOVA G 2.0,Toyota,2022,25.0,Jakarta Utara,Automatic,even plate,0,0,1,0,0,1,0,0,0,0,0,360000000,7330000
101,AYLA R DLX 1.2,Daihatsu,2018,6.0,Bogor,Manual,even plate,0,0,0,0,0,0,0,0,0,0,0,116000000,2360000
102,AVANZA E 1.3,Toyota,2017,70.0,Surabaya,Automatic,odd plate,0,0,0,0,0,0,0,0,0,0,0,135000000,2750000
103,RUSH S TRD SPORTIVO 1.5,Toyota,2020,53.0,Tangerang Selatan,Automatic,even plate,0,0,1,0,0,1,0,0,0,0,0,224000000,4560000
104,MOBILIO E 1.5,Honda,2016,66.0,Bogor,Manual,even plate,0,0,0,0,0,0,0,0,0,0,0,136000000,2770000
105,XENIA R STD 1.3,Daihatsu,2019,34.0,Surabaya,Manual,odd plate,0,0,1,0,0,0,0,0,0,0,0,160000000,3260000
106,CORTEZ S T LUX 1.5,Wuling,2021,42.0,Tangerang Selatan,Automatic,even plate,1,0,0,0,0,0,0,1,0,0,0,180000000,3670000
107,CORTEZ L T LUX 1.5,Wuling,2021,32.0,Jakarta Utara,Automatic,even plate,0,1,1,0,0,0,0,0,0,0,0,206000000,4200000
108,ALMAZ LT LUX 1.5,Wuling,2019,55.0,Bogor,Automatic,odd plate,0,0,1,0,0,0,0,0,1,0,0,203000000,4139999
109,HR-V E 1.5,Honda,2018,86.0,Tangerang Selatan,Automatic,odd plate,0,0,1,0,0,0,0,0,0,0,0,232000000,4730000
110,FORTUNER VRZ 2.4,Toyota,2016,112.0,Bogor,Automatic,even plate,0,0,1,0,0,0,0,0,0,0,0,365000000,7440000
111,PAJERO SPORT DAKAR 4X2 2.4,Mitsubishi,2016,95.0,Jakarta Timur,Automatic,even plate,0,1,1,0,0,0,0,0,0,0,0,390000000,7950000
112,CITY RS HATCHBACK 1.5,Honda,2021,25.0,Bogor,Manual,odd plate,0,0,1,0,0,0,0,0,0,0,1,246000000,5010000
113,XPANDER ULTIMATE 1.5,Mitsubishi,2017,53.0,Bekasi,Automatic,even plate,0,0,1,0,0,1,0,0,0,0,0,201000000,4099999
114,XL7 ALPHA 1.5,Suzuki,2020,52.0,Jakarta Utara,Automatic,odd plate,0,0,1,0,0,1,0,0,0,0,0,210000000,4280000
115,AYLA X 1.0,Daihatsu,2020,57.0,Jakarta Utara,Manual,odd plate,0,0,0,0,0,0,0,0,0,0,0,100000000,2040000
116,BRIO SATYA E 1.2,Honda,2019,48.0,Bekasi,Automatic,odd plate,0,0,0,0,0,0,0,1,0,0,0,156000000,3180000
117,MOBILIO E 1.5,Honda,2019,53.0,Bandung,Automatic,even plate,1,0,0,0,0,0,0,1,0,0,0,172000000,3500000
118,YARIS G 1.5,Toyota,2019,65.0,Jakarta Barat,Automatic,even plate,0,0,0,0,0,1,0,1,0,0,0,191000000,3890000
119,RUSH S TRD SPORTIVO 1.5,Toyota,2019,75.0,Bekasi,Automatic,even plate,0,0,1,0,0,0,1,0,0,0,0,212000000,4320000
120,MOBILIO E 1.5,Honda,2016,82.0,Bogor,Automatic,even plate,1,0,0,0,0,0,0,1,0,0,0,145000000,2950000
121,RUSH S 1.5,Toyota,2018,86.0,Bekasi,Manual,odd plate,0,0,1,0,0,1,0,0,0,0,0,201000000,4099999
122,HR-V E 1.5,Honda,2018,41.0,Jakarta Utara,Automatic,even plate,0,0,1,1,0,0,0,0,0,0,0,232000000,4730000
123,XENIA X 1.3,Daihatsu,2020,36.0,Bandung,Manual,odd plate,0,0,0,0,0,0,0,0,0,0,0,163000000,3320000
124,RUSH S GR SPORT 1.5,Toyota,2021,59.0,Jakarta Selatan,Automatic,odd plate,1,0,1,0,0,0,0,0,0,0,0,239000000,4870000
125,CR-V 2.0,Honda,2017,104.0,Bogor,Automatic,odd plate,0,0,1,0,0,0,0,0,0,0,0,248000000,5050000
126,BRIO SATYA E 1.2,Honda,2019,82.0,Bogor,Automatic,odd plate,0,0,0,0,0,0,0,1,0,0,0,154000000,3140000
127,HR-V SE 1.5,Honda,2019,95.0,Bandung,Automatic,odd plate,0,0,1,1,0,0,0,0,0,0,0,266000000,5420000
128,AYLA R 1.2,Daihatsu,2019,57.0,Jakarta Barat,Manual,odd plate,0,0,0,0,0,0,0,0,0,0,0,115000000,2340000
129,CR-V TURBO 1.5,Honda,2017,118.0,Tangerang Selatan,Automatic,even plate,0,0,1,0,1,0,0,0,0,0,0,336000000,6850000
130,YARIS S TRD 1.5,Toyota,2019,31.0,Depok,Automatic,odd plate,0,0,1,0,0,0,0,0,0,0,0,218000000,4440000
131,ROCKY R 1.0,Daihatsu,2021,21.0,Bogor,Automatic,even plate,0,0,1,0,0,1,0,0,0,0,0,216000000,4400000
132,ERTIGA GL 1.4,Suzuki,2016,132.0,Bekasi,Manual,odd plate,0,0,0,0,0,0,0,0,0,0,0,129000000,2630000
133,KIJANG INNOVA REBORN V 2.0,Toyota,2020,67.0,Bogor,Automatic,odd plate,0,0,1,0,0,0,0,1,0,0,0,336000000,6850000
134,BRIO SATYA E 1.2,Honda,2018,55.0,Tangerang Selatan,Automatic,even plate,0,0,0,0,0,0,0,1,0,0,0,142000000,2890000
135,AYLA R 1.2,Daihatsu,2019,18.0,Jakarta Timur,Manual,even plate,0,0,0,0,0,0,0,0,0,0,0,117000000,2380000
136,RUSH S TRD SPORTIVO 1.5,Toyota,2020,70.0,Bogor,Automatic,even plate,0,0,1,0,0,1,0,0,0,0,0,232000000,4730000
137,YARIS S TRD 1.5,Toyota,2021,39.0,Bogor,Automatic,odd plate,0,0,1,0,0,0,0,0,0,0,0,240000000,4890000
138,ALMAZ LT LUX CVT 1.5,Wuling,2021,10.0,Tangerang Selatan,Automatic,odd plate,0,1,0,0,0,0,0,0,0,0,0,241000000,4910000
139,AYLA R DLX 1.2,Daihatsu,2019,34.0,Jakarta Timur,Manual,odd plate,0,0,0,0,0,0,0,0,0,0,0,115000000,2340000
140,AGYA G 1.0,Toyota,2016,77.0,Jakarta Timur,Manual,even plate,0,0,0,0,0,0,0,0,0,0,0,95000000,1940000
141,AYLA X 1.0,Daihatsu,2017,93.0,Jakarta Pusat,Manual,even plate,0,0,0,0,0,0,0,0,0,0,0,93000000,1890000
142,AYLA X 1.0,Daihatsu,2018,86.0,Bekasi,Manual,even plate,0,0,0,0,0,0,0,0,0,0,0,98000000,2000000
143,CALYA G 1.2,Toyota,2019,40.0,Bandung,Manual,even plate,0,0,0,0,0,0,0,0,0,0,0,124000000,2530000
144,RUSH S TRD SPORTIVO 1.5,Toyota,2018,48.0,Depok,Automatic,odd plate,0,0,1,0,0,1,0,0,0,0,0,207000000,4220000
145,CORTEZ T LUX 1.5,Wuling,2019,73.0,Jakarta Timur,Automatic,odd plate,0,1,0,1,0,0,0,0,0,0,0,178000000,3630000
146,XPANDER EXCEED 1.5,Mitsubishi,2019,35.0,Tangerang Selatan,Manual,even plate,1,0,1,0,0,0,0,0,0,0,0,198000000,4030000
147,XPANDER ULTIMATE 1.5,Mitsubishi,2018,99.0,Jakarta Timur,Automatic,even plate,0,0,1,0,0,1,0,0,0,0,0,211000000,4300000
148,IGNIS GL 1.2,Suzuki,2019,26.0,Jakarta Timur,Manual,even plate,0,0,0,0,0,0,0,0,0,0,0,119000000,2420000
149,AGYA G TRD 1.2,Toyota,2018,55.0,Tangerang Selatan,Automatic,even plate,0,0,0,0,0,0,0,0,0,0,0,126000000,2570000
150,BALENO HATCHBACK 1.4,Suzuki,2017,24.0,Jakarta Selatan,Manual,even plate,0,0,1,0,0,0,1,0,0,0,0,152000000,3100000
151,AGYA G TRD 1.0,Toyota,2017,11.0,Bekasi,Manual,odd plate,0,0,0,0,0,0,0,0,0,0,0,105000000,2140000
152,AYLA R 1.2,Daihatsu,2018,79.0,Bogor,Manual,odd plate,0,0,0,0,0,0,0,0,0,0,0,113000000,2300000
153,ECLIPSE CROSS ULTIMATE 1.5,Mitsubishi,2020,43.0,Bogor,Automatic,even plate,0,1,1,0,0,0,0,0,0,0,0,355000000,7230000
154,BRIO SATYA E 1.2,Honda,2020,65.0,Bekasi,Automatic,odd plate,0,0,0,0,0,0,0,1,0,0,0,159000000,3240000
155,AGYA GR SPORT 1.2,Toyota,2022,23.0,Tangerang Selatan,Automatic,even plate,0,0,1,0,0,0,1,0,0,0,0,154000000,3140000
156,AYLA R 1.2,Daihatsu,2020,43.0,Bekasi,Automatic,even plate,0,0,0,0,0,0,0,0,0,0,0,136000000,2770000
157,RUSH S TRD 1.5,Toyota,2018,68.0,Jakarta Barat,Automatic,odd plate,0,0,1,0,0,1,0,0,0,0,0,211000000,4300000
158,TERIOS R 1.5,Daihatsu,2018,29.0,Tangerang Selatan,Manual,even plate,0,0,1,0,0,1,0,0,0,0,0,194000000,3950000
159,TERIOS X DLX 1.5,Daihatsu,2019,70.0,Jakarta Timur,Manual,odd plate,1,0,0,0,0,0,0,0,0,0,0,192000000,3910000
160,HR-V E 1.5,Honda,2016,65.0,Jakarta Utara,Automatic,even plate,0,0,1,0,0,0,0,0,0,0,0,210000000,4280000
161,HR-V E 1.5,Honda,2016,75.0,Tangerang Selatan,Automatic,even plate,0,0,1,0,0,0,0,0,0,0,0,211000000,4300000
162,HR-V E PLUS 1.5,Honda,2018,71.0,Bogor,Automatic,even plate,0,0,0,1,0,0,0,0,0,0,1,255000000,5200000
163,2 GT SKYACTIV 1.5,Mazda,2015,94.0,Tangerang Selatan,Automatic,even plate,0,0,1,0,0,0,0,0,0,0,0,184000000,3750000
164,RUSH S TRD SPORTIVO 1.5,Toyota,2019,66.0,Tangerang Selatan,Automatic,odd plate,0,0,1,0,0,0,1,0,0,0,0,219000000,4460000
165,KIJANG INNOVA REBORN G 2.0,Toyota,2017,104.0,Malang,Automatic,odd plate,1,0,0,0,0,0,0,1,0,0,0,248000000,5050000
166,AGYA G TRD 1.2,Toyota,2018,31.0,Bandung,Manual,even plate,0,0,0,0,0,0,0,0,0,0,0,120000000,2440000
167,AGYA G TRD 1.2,Toyota,2018,46.0,Tangerang Selatan,Manual,odd plate,0,0,0,0,0,0,0,0,0,0,0,121000000,2470000
168,X-TRAIL 2.0,Nissan,2016,118.0,Tangerang Selatan,Automatic,even plate,0,0,0,0,0,0,0,0,1,0,0,190000000,3870000
169,HR-V E 1.5,Honda,2018,54.0,Depok,Automatic,even plate,0,0,1,0,0,0,0,0,0,0,0,236000000,4810000
170,RUSH S TRD SPORTIVO 1.5,Toyota,2019,52.0,Depok,Manual,odd plate,1,0,1,0,0,0,0,0,0,0,0,213000000,4340000
171,BRIO RS 1.2,Honda,2020,29.0,Tangerang Selatan,Automatic,even plate,1,0,1,0,0,0,0,0,0,0,0,183000000,3730000
172,BRIO RS 1.2,Honda,2018,22.0,Tangerang Selatan,Automatic,odd plate,0,0,1,0,0,0,0,0,0,0,0,151000000,3080000
173,ERTIGA GX 1.4,Suzuki,2017,111.0,Bogor,Manual,even plate,0,0,1,0,0,0,0,0,0,0,0,149000000,3040000
174,ROCKY R 1.0,Daihatsu,2021,23.0,Jakarta Timur,Automatic,even plate,1,0,1,0,0,0,0,0,0,0,0,218000000,4440000
175,RUSH S TRD SPORTIVO 1.5,Toyota,2018,51.0,Depok,Automatic,even plate,0,0,1,0,0,1,0,0,0,0,0,213000000,4340000
176,SIENTA Q 1.5,Toyota,2018,65.0,Jakarta Barat,Automatic,even plate,0,0,1,0,0,0,0,0,0,1,0,199000000,4050000
177,CONFERO S L LUX 1.5,Wuling,2020,13.0,Bandung,Manual,odd plate,0,0,1,0,0,0,0,0,0,0,0,127000000,2590000
178,SX4 S-CROSS 1.5,Suzuki,2017,96.0,Depok,Automatic,odd plate,0,0,1,0,0,0,0,0,0,0,0,169000000,3440000
179,XPANDER ULTIMATE 1.5,Mitsubishi,2018,68.0,Depok,Automatic,even plate,0,0,1,0,0,1,0,0,0,0,0,211000000,4300000
180,ERTIGA SPORT GT 1.5,Suzuki,2019,78.0,Tangerang Selatan,Automatic,odd plate,0,0,1,0,0,1,0,0,0,0,0,196000000,3990000
181,IGNIS GX 1.2,Suzuki,2017,103.0,Jakarta Pusat,Automatic,even plate,0,0,1,0,0,0,1,0,0,0,0,129000000,2630000
182,SIGRA R DLX 1.2,Daihatsu,2016,99.0,Bogor,Automatic,odd plate,1,0,0,0,0,0,0,0,0,0,0,111000000,2260000
183,SIGRA D 1.0,Daihatsu,2019,29.0,Surabaya,Manual,even plate,0,0,0,0,0,0,0,0,0,0,0,102000000,2080000
184,2 R SKYACTIV 1.5,Mazda,2016,83.0,Tangerang Selatan,Automatic,odd plate,0,0,1,0,0,1,0,0,0,0,0,174000000,3550000
185,TERIOS X DLX 1.5,Daihatsu,2018,41.0,Tangerang Selatan,Manual,odd plate,1,0,0,0,0,0,0,0,0,0,0,185000000,3770000
186,HR-V E PLUS 1.5,Honda,2018,74.0,Bekasi,Automatic,even plate,0,0,1,0,0,0,0,0,0,0,0,256000000,5220000
187,HR-V E PLUS 1.5,Honda,2018,27.0,Jakarta Barat,Automatic,odd plate,0,0,1,0,0,0,0,0,0,0,0,258000000,5260000
188,XPANDER SPORT 1.5,Mitsubishi,2019,71.0,Jakarta Selatan,Automatic,even plate,0,0,1,0,0,0,1,0,0,0,0,210000000,4280000
189,BR-V E 1.5,Honda,2016,119.0,Jakarta Utara,Automatic,even plate,0,0,1,0,0,0,0,1,0,0,0,164000000,3340000
190,CITY E 1.5,Honda,2017,62.0,Tangerang Selatan,Automatic,even plate,0,0,1,0,0,0,0,0,0,0,0,205000000,4179999
191,KIJANG INNOVA REBORN G 2.0,Toyota,2018,75.0,Bogor,Automatic,even plate,1,0,0,0,0,0,0,1,0,0,0,261000000,5320000
192,AYLA R 1.2,Daihatsu,2018,82.0,Bandung,Automatic,even plate,0,0,0,0,0,0,0,0,0,0,0,120000000,2440000
193,BRIO RS 1.2,Honda,2018,84.0,Bandung,Automatic,even plate,0,0,1,0,0,0,0,1,0,0,0,151000000,3080000
194,BRIO SATYA E 1.2,Honda,2020,53.0,Bandung,Automatic,even plate,0,0,0,0,0,0,0,1,0,0,0,162000000,3300000
195,HR-V E PLUS 1.5,Honda,2018,95.0,Jakarta Timur,Automatic,even plate,0,0,1,1,0,0,0,0,0,0,0,258000000,5260000
196,CITY RS HATCHBACK 1.5,Honda,2021,23.0,Bekasi,Automatic,even plate,0,0,1,0,0,0,0,0,0,0,0,262000000,5340000
197,HR-V E 1.5,Honda,2019,69.0,Bandung,Automatic,even plate,0,0,1,0,0,0,0,0,0,0,0,261000000,5320000
198,2 R SKYACTIV 1.5,Mazda,2015,127.0,Bekasi,Automatic,even plate,0,0,1,0,0,1,0,0,0,0,0,162000000,3300000
199,2 R SKYACTIV 1.5,Mazda,2015,118.0,Jakarta Timur,Automatic,even plate,0,0,1,0,0,1,0,0,0,0,0,166000000,3380000
200,AGYA G 1.2,Toyota,2022,10.0,Jakarta Selatan,Manual,odd plate,0,0,1,0,0,0,0,0,0,0,0,136000000,2770000
201,XPANDER ULTIMATE 1.5,Mitsubishi,2018,62.0,Jakarta Barat,Automatic,even plate,1,0,1,0,0,0,0,0,0,0,0,212000000,4320000
202,XPANDER ULTIMATE 1.5,Mitsubishi,2018,47.0,Tangerang Selatan,Automatic,even plate,1,0,1,0,0,0,0,0,0,0,0,213000000,4340000
203,LIVINA VL 1.5,Nissan,2019,84.0,Jakarta Pusat,Automatic,odd plate,1,0,1,0,0,0,0,0,0,0,0,199000000,4050000
204,RUSH S TRD SPORTIVO 1.5,Toyota,2019,77.0,Bogor,Automatic,even plate,0,0,1,0,0,1,0,0,0,0,0,221000000,4500000
205,RUSH S TRD SPORTIVO 1.5,Toyota,2019,57.0,Jakarta Utara,Automatic,odd plate,0,0,1,0,0,1,0,0,0,0,0,219000000,4460000
206,TERIOS R DLX 1.5,Daihatsu,2019,73.0,Malang,Automatic,even plate,0,0,1,0,0,0,0,0,1,0,0,203000000,4139999
207,XENIA R DLX 1.3,Daihatsu,2013,141.0,Bogor,Automatic,even plate,1,0,0,0,0,0,0,0,0,0,0,106000000,2160000
208,BR-V E PRESTIGE 1.5,Honda,2018,86.0,Bekasi,Automatic,even plate,0,0,0,0,0,0,0,0,0,0,0,182000000,3710000
209,KIJANG INNOVA G LUX 2.0,Toyota,2010,169.0,Bandung,Manual,even plate,0,0,0,0,0,0,0,0,0,0,0,129000000,2630000
210,GRAND LIVINA XV 1.5,Nissan,2014,142.0,Bandung,Automatic,even plate,0,0,0,0,0,0,0,0,0,0,0,100000000,2040000
211,SIGRA R DLX 1.2,Daihatsu,2017,123.0,Bandung,Manual,odd plate,0,0,0,0,0,0,0,0,0,0,0,98000000,2000000
212,HR-V E 1.5,Honda,2018,93.0,Bogor,Automatic,odd plate,0,0,1,1,0,0,0,0,0,0,0,224000000,4560000
213,MOBILIO RS 1.5,Honda,2015,73.0,Bekasi,Automatic,even plate,0,0,0,0,0,0,0,0,0,0,0,139000000,2830000
214,CALYA G 1.2,Toyota,2016,60.0,Bekasi,Manual,even plate,0,0,0,0,0,0,0,0,0,0,0,101000000,2060000
215,AYLA R DLX 1.2,Daihatsu,2019,80.0,Bandung,Automatic,odd plate,0,0,0,0,0,0,0,0,0,0,0,118000000,2400000
216,SIGRA R STD 1.2,Daihatsu,2018,140.0,Bandung,Manual,even plate,0,0,0,0,0,0,0,0,0,0,0,101000000,2060000
217,RUSH G 1.5,Toyota,2017,89.0,Bandung,Automatic,even plate,0,0,0,0,0,0,0,0,0,0,0,161000000,3280000
218,ERTIGA GL 1.4,Suzuki,2013,77.0,Bandung,Automatic,odd plate,0,0,0,0,0,0,0,0,0,0,0,111000000,2260000
219,GO+ PANCA T 1.2,Datsun,2017,46.0,Bogor,Manual,even plate,0,0,0,0,0,0,0,0,0,0,0,77000000,1570000
220,CALYA G 1.2,Toyota,2018,169.0,Bandung,Automatic,even plate,0,0,0,0,0,0,0,0,0,0,0,112000000,2280000
221,ROCKY R 1.0,Daihatsu,2021,25.0,Tangerang Selatan,Manual,odd plate,0,0,1,0,0,1,0,0,0,0,0,189000000,3850000
222,XENIA X STD 1.3,Daihatsu,2012,45.0,Jakarta Selatan,Manual,odd plate,0,0,0,0,0,0,0,0,0,0,0,102000000,2080000
223,RAIZE TURBO G 1.0,Toyota,2022,19.0,Bandung,Automatic,even plate,0,0,1,0,0,0,0,0,0,0,0,216000000,4400000
224,KIJANG INNOVA Q 2.0,Toyota,2018,54.0,Bogor,Automatic,even plate,0,0,1,0,0,0,0,1,0,0,0,314000000,6400000
225,ERTIGA GX 1.4,Suzuki,2018,79.0,Bogor,Manual,even plate,0,0,0,0,0,0,0,0,0,0,0,157000000,3200000
226,AVANZA VELOZ 1.3,Toyota,2016,173.0,Tangerang Selatan,Manual,odd plate,0,0,0,0,0,0,0,0,0,0,0,139000000,2830000
227,MOBILIO E 1.5,Honda,2017,59.0,Bekasi,Automatic,odd plate,1,0,0,0,0,0,0,1,0,0,0,157000000,3200000
228,XPANDER SPORT 1.5,Mitsubishi,2018,59.0,Bekasi,Automatic,odd plate,1,0,1,0,0,0,0,0,0,0,0,201000000,4099999
229,XPANDER ULTIMATE 1.5,Mitsubishi,2018,93.0,Jakarta Timur,Automatic,odd plate,0,0,1,0,0,1,0,0,0,0,0,209000000,4260000
230,CX-3 GT 2.0,Mazda,2019,32.0,Jakarta Barat,Automatic,odd plate,0,0,1,0,0,0,1,0,0,0,0,323000000,6580000
231,BRIO E 1.2,Honda,2016,49.0,Jakarta Pusat,Automatic,odd plate,0,0,0,0,0,0,0,0,0,0,0,131000000,2670000
232,PAJERO SPORT DAKAR ULTIMATE 4X2 2.4,Mitsubishi,2018,73.0,Jakarta Timur,Automatic,even plate,1,0,0,0,0,0,1,0,0,0,0,428000000,8720000
233,KIJANG INNOVA REBORN V 2.0,Toyota,2017,35.0,Bogor,Automatic,even plate,0,0,1,0,0,0,0,1,0,0,0,278000000,5660000
234,ERTIGA SPORT GT 1.5,Suzuki,2019,18.0,Depok,Manual,odd plate,0,0,1,0,0,0,0,0,0,0,0,186000000,3790000
235,AGYA G TRD SPORTIVO 1.2,Toyota,2021,36.0,Bandung,Automatic,even plate,0,0,1,0,0,0,1,0,0,0,0,145000000,2950000
236,XL7 ALPHA 1.5,Suzuki,2021,27.0,Tangerang Selatan,Automatic,even plate,0,0,1,0,0,1,0,0,0,0,0,221000000,4500000
237,BALENO HATCHBACK 1.4,Suzuki,2018,80.0,Tangerang Selatan,Automatic,odd plate,0,0,1,0,0,0,1,0,0,0,0,165000000,3360000
238,CITY RS HATCHBACK 1.5,Honda,2021,47.0,Jakarta Barat,Automatic,even plate,0,0,1,0,0,0,0,0,0,0,0,262000000,5340000
239,KIJANG INNOVA REBORN G 2.0,Toyota,2018,81.0,Bekasi,Automatic,even plate,0,0,1,0,0,0,0,1,0,0,0,255000000,5200000
240,XPANDER ULTIMATE 1.5,Mitsubishi,2018,83.0,Jakarta Utara,Automatic,even plate,1,0,1,0,0,0,0,0,0,0,0,213000000,4340000
241,ALMAZ S+T SMART ENJOY 1.5,Wuling,2021,39.0,Tangerang Selatan,Automatic,odd plate,0,0,1,1,0,0,0,0,0,0,0,220000000,4480000
242,IGNIS GX AGS 1.2,Suzuki,2018,125.0,Jakarta Pusat,Automatic,even plate,1,0,0,0,0,0,1,0,0,0,0,125000000,2550000
243,CRETA PRIME 1.5,Hyundai,2022,29.0,Bandung,Automatic,even plate,0,1,0,0,0,0,1,0,0,0,0,319000000,6500000
244,XPANDER EXCEED 1.5,Mitsubishi,2018,51.0,Bogor,Automatic,odd plate,0,0,0,0,0,0,0,0,0,0,0,194000000,3950000
245,RAIZE GR SPORT 1.0,Toyota,2021,19.0,Jakarta Timur,Automatic,odd plate,0,0,1,0,0,0,0,0,0,0,0,224000000,4560000
246,KIJANG INNOVA V 2.0,Toyota,2016,104.0,Tangerang Selatan,Automatic,odd plate,1,0,1,0,0,0,0,0,0,0,0,255000000,5200000
247,ERTIGA GX 1.4,Suzuki,2017,28.0,Bogor,Manual,even plate,0,0,1,0,0,0,0,0,0,0,0,154000000,3140000
248,ERTIGA DREZA 1.4,Suzuki,2017,78.0,Tangerang Selatan,Automatic,odd plate,0,0,1,0,0,0,0,0,0,0,0,155000000,3160000
249,BALENO HATCHBACK 1.4,Suzuki,2019,45.0,Jakarta Barat,Automatic,odd plate,0,0,1,0,0,0,1,0,0,0,0,181000000,3690000
250,BRIO RS 1.2,Honda,2017,62.0,Tangerang Selatan,Automatic,odd plate,0,0,1,0,0,0,0,1,0,0,0,143000000,2910000
251,BRIO SATYA E 1.2,Honda,2019,47.0,Jakarta Selatan,Automatic,odd plate,0,0,0,0,0,0,0,1,0,0,0,156000000,3180000
252,BR-V E 1.5,Honda,2017,110.0,Bogor,Automatic,odd plate,1,0,1,0,0,0,0,0,0,0,0,169000000,3440000
253,SX4 S-CROSS 1.5,Suzuki,2016,91.0,Tangerang Selatan,Automatic,odd plate,0,0,1,0,0,0,0,0,0,0,0,158000000,3220000
254,MOBILIO RS 1.5,Honda,2014,120.0,Tangerang Selatan,Automatic,even plate,1,0,0,0,0,0,0,1,0,0,0,146000000,2970000
255,SANTA FE CRDI 2.2,Hyundai,2018,52.0,Bekasi,Automatic,odd plate,0,1,0,1,0,0,0,0,0,0,0,417000000,8500000
256,XPANDER ULTIMATE 1.5,Mitsubishi,2018,52.0,Bogor,Automatic,even plate,0,0,1,0,0,1,0,0,0,0,0,212000000,4320000
257,X-TRAIL 2.5,Nissan,2015,93.0,Jakarta Timur,Automatic,odd plate,0,0,0,0,1,0,0,0,1,0,0,199000000,4050000
258,BRIO SATYA E 1.2,Honda,2017,25.0,Jakarta Barat,Automatic,even plate,0,0,0,0,0,0,0,1,0,0,0,137000000,2790000
259,BRIO SATYA E 1.2,Honda,2019,55.0,Jakarta Timur,Automatic,odd plate,0,0,0,0,0,0,0,1,0,0,0,156000000,3180000
260,BRIO SATYA E 1.2,Honda,2014,41.0,Jakarta Barat,Manual,odd plate,0,0,0,0,0,0,0,0,0,0,0,106000000,2160000
261,CX-5 GT 2.5,Mazda,2019,17.0,Jakarta Barat,Automatic,odd plate,0,0,1,0,0,0,0,0,0,0,0,424000000,8640000
262,AGYA G 1.0,Toyota,2015,49.0,Bandung,Automatic,odd plate,0,0,0,0,0,0,0,0,0,0,0,110000000,2240000
263,MOBILIO RS 1.5,Honda,2020,70.0,Jakarta Utara,Automatic,odd plate,0,0,1,0,0,0,0,1,0,0,0,193000000,3930000
264,BRIO SATYA E 1.2,Honda,2020,22.0,Bekasi,Automatic,odd plate,0,0,0,0,0,0,0,1,0,0,0,162000000,3300000
265,XL7 BETA 1.5,Suzuki,2021,42.0,Jakarta Utara,Automatic,odd plate,0,0,1,0,0,1,0,0,0,0,0,209000000,4260000
266,XPANDER ULTIMATE 1.5,Mitsubishi,2017,68.0,Bekasi,Automatic,even plate,0,0,1,0,0,1,0,0,0,0,0,203000000,4139999
267,ERTIGA SPORT GT 1.5,Suzuki,2019,25.0,Jakarta Selatan,Manual,odd plate,0,0,1,0,0,0,1,0,0,0,0,187000000,3810000
268,BRIO RS 1.2,Honda,2020,55.0,Bogor,Automatic,odd plate,0,0,1,0,0,0,0,1,0,0,0,181000000,3690000
269,XPANDER ULTIMATE 1.5,Mitsubishi,2018,51.0,Depok,Automatic,odd plate,0,0,1,0,0,1,0,0,0,0,0,212000000,4320000
270,CALYA G 1.2,Toyota,2019,91.0,Tangerang Selatan,Automatic,odd plate,0,0,0,0,0,0,0,0,0,0,0,132000000,2690000
271,KIJANG INNOVA V 2.0,Toyota,2013,159.0,Jakarta Barat,Automatic,odd plate,0,0,1,0,0,0,0,0,0,0,0,178000000,3630000
272,CORTEZ S T LUX 1.5,Wuling,2021,27.0,Bandung,Automatic,odd plate,1,0,0,0,0,0,1,0,0,0,0,179000000,3650000
273,BRIO SATYA E 1.2,Honda,2020,23.0,Jakarta Utara,Automatic,odd plate,0,0,0,0,0,0,0,1,0,0,0,163000000,3320000
274,CX-5 ELITE 2.5,Mazda,2017,45.0,Jakarta Timur,Automatic,odd plate,0,0,1,0,0,0,0,0,0,0,0,373000000,7600000
275,SIENTA Q 1.5,Toyota,2017,112.0,Jakarta Barat,Automatic,odd plate,0,0,1,0,0,1,0,0,0,0,0,186000000,3790000
276,BRIO SATYA E 1.2,Honda,2018,36.0,Jakarta Utara,Automatic,odd plate,0,0,0,0,0,0,0,1,0,0,0,149000000,3040000
277,KIJANG INNOVA VENTURER 2.0,Toyota,2018,97.0,Bekasi,Automatic,even plate,1,0,1,0,0,0,0,0,0,0,0,324000000,6600000
278,CONFERO S L 1.5,Wuling,2019,68.0,Tangerang Selatan,Manual,even plate,1,0,1,0,0,0,0,0,0,0,0,119000000,2420000
279,XPANDER EXCEED 1.5,Mitsubishi,2018,81.0,Tangerang Selatan,Manual,odd plate,1,0,1,0,0,0,0,0,0,0,0,191000000,3890000
280,KIJANG INNOVA REBORN VENTURER GASOLINE 2.0,Toyota,2017,79.0,Depok,Automatic,even plate,0,0,1,0,0,0,1,0,0,0,0,317000000,6460000
281,YARIS S TRD 1.5,Toyota,2020,61.0,Bekasi,Automatic,even plate,0,0,1,0,0,0,0,0,0,0,0,228000000,4650000
282,BRIO SATYA E 1.2,Honda,2016,97.0,Jakarta Utara,Automatic,odd plate,0,0,0,0,0,0,0,1,0,0,0,127000000,2590000
283,XPANDER SPORT 1.5,Mitsubishi,2018,81.0,Jakarta Barat,Automatic,odd plate,0,0,1,0,0,1,0,0,0,0,0,198000000,4030000
284,ERTIGA GX 1.5,Suzuki,2019,79.0,Bogor,Automatic,even plate,1,0,1,0,0,0,0,0,0,0,0,183000000,3730000
285,KIJANG INNOVA REBORN G 2.0,Toyota,2017,89.0,Jakarta Timur,Automatic,even plate,0,0,1,0,0,0,0,0,0,0,0,251000000,5110000
286,SIENTA V 1.5,Toyota,2017,112.0,Tangerang Selatan,Automatic,odd plate,0,0,1,0,0,0,1,0,0,0,0,174000000,3550000
287,BRIO RS 1.2,Honda,2020,50.0,Bogor,Automatic,even plate,0,0,1,0,0,0,0,1,0,0,0,185000000,3770000
288,BRIO SATYA E 1.2,Honda,2020,43.0,Jakarta Pusat,Automatic,odd plate,0,0,0,0,0,0,0,1,0,0,0,162000000,3300000
289,BR-V PRESTIGE 1.5,Honda,2019,41.0,Jakarta Selatan,Automatic,even plate,0,0,1,0,0,1,0,0,0,0,0,210000000,4280000
290,CITY RS HATCHBACK 1.5,Honda,2021,30.0,Tangerang Selatan,Automatic,even plate,0,0,1,0,0,1,0,0,0,0,0,270000000,5500000
291,HR-V E PLUS 1.5,Honda,2020,43.0,Jakarta Barat,Automatic,odd plate,0,0,1,1,0,0,0,0,0,0,0,282000000,5750000
292,IGNIS GX 1.2,Suzuki,2017,89.0,Bogor,Manual,even plate,0,0,1,0,0,0,1,0,0,0,0,120000000,2440000
293,X-TRAIL 2.5,Nissan,2016,111.0,Bogor,Automatic,even plate,0,0,1,0,0,0,0,0,0,0,0,210000000,4280000
294,ERTIGA DREZA GS 1.4,Suzuki,2016,96.0,Bogor,Automatic,odd plate,0,0,1,0,0,0,0,0,0,0,0,158000000,3220000
295,BIANTE SKYACTIV 2.0,Mazda,2017,48.0,Tangerang Selatan,Automatic,even plate,0,0,1,0,0,0,0,0,0,1,0,223000000,4540000
296,GRAND LIVINA SV 1.5,Nissan,2015,104.0,Bogor,Manual,odd plate,0,0,0,0,0,0,0,0,0,0,0,116000000,2360000
297,CX-3 TOURING 2.0,Mazda,2018,74.0,Tangerang Selatan,Automatic,odd plate,0,0,1,0,0,0,0,0,0,0,0,278000000,5660000
298,XPANDER ULTIMATE 1.5,Mitsubishi,2018,61.0,Bogor,Automatic,even plate,0,0,1,0,0,0,0,0,0,0,1,214000000,4360000
299,MARCH 1.2,Nissan,2017,57.0,Bandung,Automatic,even plate,1,0,0,0,0,0,0,0,0,0,0,121000000,2470000
300,XENIA R 1.3,Daihatsu,2017,109.0,Jakarta Utara,Automatic,odd plate,0,0,0,0,0,0,0,0,0,0,0,138000000,2810000
301,XPANDER SPORT 1.5,Mitsubishi,2017,58.0,Bekasi,Automatic,odd plate,0,0,1,0,0,0,1,0,0,0,0,197000000,4010000
302,ERTIGA GX 1.5,Suzuki,2020,35.0,Bekasi,Automatic,even plate,0,0,1,0,0,0,1,0,0,0,0,197000000,4010000
303,XENIA R SPORTY 1.3,Daihatsu,2018,71.0,Tangerang Selatan,Automatic,odd plate,1,0,0,0,1,0,0,0,0,0,0,156000000,3180000
304,AVANZA G 1.3,Toyota,2019,78.0,Tangerang Selatan,Automatic,odd plate,0,0,1,0,0,0,0,0,0,0,0,179000000,3650000
305,BRIO SATYA E 1.2,Honda,2019,79.0,Tangerang Selatan,Automatic,even plate,0,0,0,0,0,0,0,1,0,0,0,156000000,3180000
306,CONFERO S 1.5,Wuling,2018,92.0,Jakarta Timur,Manual,even plate,1,0,0,0,0,0,0,0,0,0,0,105000000,2140000
307,SIENTA G 1.5,Toyota,2019,35.0,Tangerang Selatan,Automatic,even plate,0,0,0,0,0,0,0,1,0,1,0,187000000,3810000
308,BRIO SATYA E 1.2,Honda,2018,82.0,Jakarta Timur,Automatic,even plate,0,0,0,0,0,0,0,1,0,0,0,141000000,2870000
309,BRIO SATYA E 1.2,Honda,2019,34.0,Bogor,Automatic,odd plate,0,0,0,0,0,0,0,1,0,0,0,158000000,3220000
310,BR-V E 1.5,Honda,2019,22.0,Jakarta Timur,Automatic,even plate,0,0,1,0,0,0,0,1,0,0,0,203000000,4139999
311,MOBILIO E PRESTIGE 1.5,Honda,2014,97.0,Tangerang Selatan,Automatic,even plate,1,0,0,0,0,0,0,1,0,0,0,138000000,2810000
312,SIENTA G 1.5,Toyota,2018,94.0,Depok,Automatic,even plate,1,0,0,0,0,0,0,0,0,1,0,168000000,3420000
313,XPANDER ULTIMATE 1.5,Mitsubishi,2018,98.0,Jakarta Timur,Automatic,even plate,0,0,1,0,0,0,0,0,0,0,1,212000000,4320000
314,AYLA R 1.2,Daihatsu,2018,74.0,Bogor,Automatic,odd plate,0,0,0,0,0,0,0,0,0,0,0,124000000,2530000
315,MARCH 1.5,Nissan,2014,75.0,Bogor,Automatic,even plate,0,0,0,0,0,1,1,0,0,0,0,126000000,2570000
316,RUSH S TRD SPORTIVO 1.5,Toyota,2018,31.0,Jakarta Timur,Automatic,odd plate,0,0,1,0,0,1,0,0,0,0,0,212000000,4320000
317,MARCH 1.2,Nissan,2017,19.0,Bogor,Automatic,even plate,0,0,0,0,0,0,0,0,0,0,0,124000000,2530000
318,FORTUNER VRZ GR SPORT 2.8,Toyota,2022,16.0,Jakarta Timur,Automatic,odd plate,0,0,1,0,0,0,0,0,0,0,0,542000000,11040000
319,KIJANG INNOVA REBORN V 2.0,Toyota,2019,65.0,Jakarta Pusat,Automatic,even plate,1,0,1,0,0,0,0,0,0,0,0,315000000,6420000
320,XPANDER EXCEED 1.5,Mitsubishi,2019,56.0,Bekasi,Automatic,even plate,0,0,1,0,0,0,0,0,0,0,0,205000000,4179999
321,AVANZA G 1.3,Toyota,2019,58.0,Bekasi,Manual,even plate,0,0,1,0,0,0,0,0,0,0,0,177000000,3610000
322,KIJANG INNOVA G 2.0,Toyota,2021,33.0,Depok,Automatic,odd plate,1,0,0,0,0,0,0,1,0,0,0,319000000,6500000
323,MOBILIO E 1.5,Honda,2014,92.0,Jakarta Barat,Automatic,even plate,0,0,0,0,0,0,0,1,0,0,0,132000000,2690000
324,S-PRESSO 1.0,Suzuki,2023,245.0,Bogor,Automatic,odd plate,0,0,0,0,0,1,0,0,0,0,0,145000000,2950000
325,KIJANG INNOVA G 2.0,Toyota,2014,140.0,Jakarta Timur,Automatic,even plate,0,0,0,0,0,0,0,0,0,0,0,180000000,3670000
326,IGNIS GX 1.2,Suzuki,2017,114.0,Tangerang Selatan,Automatic,even plate,0,0,1,0,0,0,1,0,0,0,0,129000000,2630000
327,XPANDER ULTIMATE 1.5,Mitsubishi,2019,71.0,Jakarta Utara,Automatic,odd plate,0,0,1,0,0,0,0,0,0,0,1,222000000,4520000
328,TERIOS X DLX 1.5,Daihatsu,2020,39.0,Jakarta Timur,Automatic,odd plate,1,0,0,0,0,0,0,0,0,0,0,204000000,4160000
329,AGYA G TRD 1.2,Toyota,2019,34.0,Bogor,Automatic,odd plate,0,0,0,0,0,0,0,0,0,0,0,135000000,2750000
330,BRIO SATYA E 1.2,Honda,2018,41.0,Jakarta Utara,Automatic,odd plate,0,0,0,0,0,0,0,1,0,0,0,146000000,2970000
331,XPANDER SPORT 1.5,Mitsubishi,2018,89.0,Bekasi,Automatic,odd plate,0,0,1,0,0,0,1,0,0,0,0,203000000,4139999
332,XPANDER ULTIMATE 1.5,Mitsubishi,2018,85.0,Bekasi,Automatic,odd plate,0,0,1,0,0,0,1,0,0,0,0,214000000,4360000
333,XPANDER ULTIMATE 1.5,Mitsubishi,2018,66.0,Jakarta Selatan,Automatic,even plate,0,0,1,0,0,1,0,0,0,0,0,215000000,4380000
334,XPANDER ULTIMATE 1.5,Mitsubishi,2019,66.0,Bogor,Automatic,even plate,0,0,1,0,0,0,0,0,0,0,1,224000000,4560000
335,XPANDER ULTIMATE 1.5,Mitsubishi,2019,76.0,Tangerang Selatan,Automatic,even plate,0,0,1,0,0,0,0,0,0,0,1,223000000,4540000
336,KIJANG INNOVA Q 2.0,Toyota,2016,92.0,Tangerang Selatan,Automatic,even plate,0,0,1,0,0,0,0,1,0,0,0,285000000,5810000
337,BALENO HATCHBACK 1.4,Suzuki,2017,91.0,Bekasi,Automatic,even plate,0,0,1,0,0,0,1,0,0,0,0,161000000,3280000
338,KIJANG INNOVA REBORN V 2.0,Toyota,2017,98.0,Tangerang Selatan,Automatic,odd plate,1,0,1,0,0,0,0,0,0,0,0,277000000,5640000
339,BRIO RS 1.2,Honda,2019,77.0,Bogor,Automatic,even plate,0,0,0,0,0,0,0,0,0,0,0,180000000,3670000
340,SIENTA V 1.5,Toyota,2019,44.0,Bekasi,Automatic,odd plate,0,0,1,0,0,0,0,0,0,1,0,198000000,4030000
341,XPANDER EXCEED 1.5,Mitsubishi,2019,65.0,Jakarta Pusat,Automatic,even plate,0,0,1,0,0,0,0,0,0,0,0,206000000,4200000
342,XPANDER ULTIMATE 1.5,Mitsubishi,2018,98.0,Bogor,Automatic,even plate,0,0,1,0,0,1,0,0,0,0,0,211000000,4300000
343,AGYA G TRD 1.2,Toyota,2018,44.0,Jakarta Pusat,Automatic,odd plate,0,0,0,0,0,0,0,0,0,0,0,132000000,2690000
344,SERENA HIGHWAY STAR 2.0,Nissan,2019,32.0,Jakarta Timur,Automatic,even plate,0,0,1,0,0,0,1,0,0,0,0,326000000,6640000
345,RUSH S TRD SPORTIVO 1.5,Toyota,2018,78.0,Bogor,Automatic,even plate,1,0,1,0,0,0,0,0,0,0,0,213000000,4340000
346,XENIA R DLX 1.3,Daihatsu,2014,49.0,Jakarta Timur,Manual,odd plate,0,0,0,0,0,0,0,0,0,0,0,124000000,2530000
347,MARCH 1.2,Nissan,2013,136.0,Tangerang Selatan,Automatic,odd plate,0,0,0,0,0,0,0,0,0,0,0,96000000,1960000
348,MOBILIO E 1.5,Honda,2015,112.0,Jakarta Barat,Automatic,even plate,1,0,1,0,0,0,0,0,0,0,0,141000000,2870000
349,FORTUNER VRZ 4X2 2.4,Toyota,2017,95.0,Tangerang Selatan,Automatic,even plate,1,0,0,0,0,0,0,1,0,0,0,380000000,7740000
350,BRIO RS 1.2,Honda,2019,64.0,Tangerang Selatan,Automatic,odd plate,0,0,1,0,0,0,0,1,0,0,0,180000000,3670000
351,BRIO RS 1.2,Honda,2020,11.0,Bogor,Automatic,even plate,1,0,0,0,0,0,0,0,0,0,0,188000000,3830000
352,YARIS S TRD 1.5,Toyota,2018,33.0,Tangerang Selatan,Automatic,odd plate,0,0,1,0,0,0,1,0,0,0,0,211000000,4300000
353,TERIOS ADVENTURE R 1.5,Daihatsu,2015,111.0,Bogor,Automatic,even plate,1,0,1,0,0,0,0,0,0,0,0,154000000,3140000
354,AVANZA VELOZ 1.3,Toyota,2018,63.0,Tangerang Selatan,Automatic,even plate,0,0,0,0,0,0,0,0,0,0,0,170000000,3460000
355,RUSH S TRD SPORTIVO 1.5,Toyota,2018,66.0,Bogor,Automatic,odd plate,0,0,1,0,0,1,0,0,0,0,0,213000000,4340000
356,BRIO SATYA E 1.2,Honda,2020,29.0,Jakarta Utara,Automatic,odd plate,0,0,0,0,0,0,0,0,0,0,0,166000000,3380000
357,PAJERO SPORT DAKAR 4X2 2.4,Mitsubishi,2018,61.0,Jakarta Utara,Automatic,even plate,0,0,1,0,0,0,1,0,0,0,0,429000000,8740000
358,KIJANG INNOVA Q 2.0,Toyota,2018,65.0,Bekasi,Automatic,odd plate,1,0,0,0,0,0,0,1,0,0,0,317000000,6460000
359,TERIOS R DLX 1.5,Daihatsu,2020,69.0,Jakarta Timur,Automatic,odd plate,0,0,1,0,0,0,0,0,1,0,0,217000000,4420000
360,BRIO RS 1.2,Honda,2018,42.0,Bogor,Automatic,even plate,0,0,1,0,0,0,0,1,0,0,0,152000000,3100000
361,SPARK PREMIER 1.4,Chevrolet,2019,17.0,Bekasi,Automatic,even plate,0,0,0,0,0,1,0,0,0,0,0,139000000,2830000
362,LIVINA VL 1.5,Nissan,2019,30.0,Bekasi,Automatic,even plate,0,0,1,0,0,1,0,0,0,0,0,201000000,4099999
363,CARRY PICK UP 1.5,Suzuki,2021,2.0,Depok,Manual,odd plate,0,0,0,0,0,0,0,0,0,0,0,102000000,2080000
364,BRIO SATYA E 1.2,Honda,2018,70.0,Bekasi,Automatic,odd plate,0,0,0,0,0,0,0,1,0,0,0,155000000,3160000
365,BRIO SATYA E 1.2,Honda,2018,44.0,Jakarta Selatan,Automatic,odd plate,1,0,0,0,0,0,0,1,0,0,0,144000000,2930000
366,XPANDER ULTIMATE 1.5,Mitsubishi,2017,42.0,Depok,Automatic,odd plate,0,0,1,0,0,0,1,0,0,0,0,211000000,4300000
367,XPANDER ULTIMATE 1.5,Mitsubishi,2018,85.0,Bekasi,Automatic,even plate,0,0,1,0,0,1,0,0,0,0,0,213000000,4340000
368,AGYA G TRD SPORTIVO 1.2,Toyota,2021,40.0,Depok,Automatic,even plate,0,0,1,0,0,0,1,0,0,0,0,148000000,3020000
369,AVANZA G 1.3,Toyota,2017,88.0,Bogor,Manual,even plate,0,0,0,0,0,0,0,0,0,0,0,152000000,3100000
370,AVANZA E 1.3,Toyota,2020,53.0,Jakarta Barat,Automatic,odd plate,0,0,0,0,0,0,0,0,0,0,0,172000000,3500000
371,KIJANG INNOVA G 2.0,Toyota,2016,119.0,Bekasi,Automatic,odd plate,0,0,0,0,0,0,0,1,0,0,0,242000000,4930000
372,FORTUNER VRZ 4X2 2.4,Toyota,2017,51.0,Jakarta Barat,Automatic,even plate,0,0,1,0,0,0,0,0,0,0,0,390000000,7950000
373,KIJANG INNOVA REBORN G 2.0,Toyota,2017,46.0,Jakarta Selatan,Automatic,even plate,0,0,0,0,0,0,0,0,0,0,0,261000000,5320000
374,BRIO SATYA E 1.2,Honda,2016,15.0,Bogor,Automatic,even plate,0,0,0,0,0,0,0,1,0,0,0,131000000,2670000
375,BRIO E 1.2,Honda,2014,30.0,Tangerang Selatan,Automatic,odd plate,0,0,0,0,0,0,0,0,0,0,0,121000000,2470000
376,BRIO SATYA E 1.2,Honda,2020,11.0,Bandung,Automatic,odd plate,0,0,0,0,0,0,0,1,0,0,0,164000000,3340000
377,CX-5 HIGH 2.5,Mazda,2014,82.0,Jakarta Utara,Automatic,even plate,1,1,0,0,0,0,0,0,0,0,0,200000000,4080000
378,ERTIGA SPORT GT 1.5,Suzuki,2019,57.0,Bekasi,Automatic,odd plate,0,0,1,0,0,1,0,0,0,0,0,201000000,4099999
379,BRIO SATYA E 1.2,Honda,2022,4.0,Bogor,Automatic,even plate,0,0,0,0,0,0,0,1,0,0,0,172000000,3500000
380,RAIZE GR 1.0,Toyota,2021,20.0,Depok,Automatic,even plate,0,0,1,0,0,0,0,0,0,0,0,223000000,4540000
381,IGNIS GL 1.2,Suzuki,2018,60.0,Depok,Automatic,odd plate,0,0,0,0,0,0,0,1,0,0,0,130000000,2650000
382,2 R SKYACTIV 1.5,Mazda,2016,73.0,Bekasi,Automatic,odd plate,0,0,1,0,0,0,1,0,0,0,0,190000000,3870000
383,KIJANG INNOVA G 2.0,Toyota,2018,71.0,Bogor,Automatic,odd plate,1,0,1,0,0,0,0,0,0,0,0,263000000,5360000
384,BR-V PRESTIGE 1.5,Honda,2019,67.0,Bandung,Automatic,odd plate,0,0,1,0,0,0,0,1,0,0,0,213000000,4340000
385,BRIO SATYA E 1.2,Honda,2019,19.0,Depok,Automatic,odd plate,1,0,0,0,0,0,0,0,0,0,0,160000000,3260000
386,SIGRA R STD 1.2,Daihatsu,2020,11.0,Bogor,Manual,even plate,0,0,1,0,0,0,0,0,0,0,0,129000000,2630000
387,BRIO SATYA E 1.2,Honda,2019,57.0,Unkown,Automatic,even plate,0,0,0,0,0,0,0,0,0,0,0,159000000,3240000
388,ECOSPORT TITANIUM 1.5,Ford,2014,124.0,Unkown,Automatic,odd plate,0,0,0,0,0,0,0,0,0,0,0,121000000,2470000
389,XPANDER ULTIMATE 1.5,Mitsubishi,2017,88.0,Unkown,Automatic,even plate,0,0,0,0,0,0,0,0,0,0,0,209000000,4260000
390,GRAND LIVINA HIGHWAY STAR 1.5,Nissan,2015,64.0,Unkown,Automatic,odd plate,0,0,0,0,0,0,0,0,0,0,0,132000000,2690000
391,SERENA HIGHWAY STAR 2.0,Nissan,2016,109.0,Unkown,Automatic,even plate,0,0,0,0,0,0,0,0,0,0,0,224000000,4560000
392,ROCKY X 1.2,Daihatsu,2022,19.0,Unkown,Automatic,even plate,0,0,0,0,0,0,0,0,0,0,0,200000000,4080000
393,SIRION 1.3,Daihatsu,2021,13.0,Unkown,Automatic,even plate,0,0,0,0,0,0,0,0,0,0,0,177000000,3610000
394,TERIOS R 1.5,Daihatsu,2019,67.0,Unkown,Automatic,odd plate,0,0,0,0,0,0,0,0,0,0,0,209000000,4260000
395,GO PANCA T LIVE 1.2,Datsun,2019,40.0,Unkown,Automatic,even plate,0,0,0,0,0,0,0,0,0,0,0,105000000,2140000
396,MOBILIO E PRESTIGE 1.5,Honda,2015,88.0,Unkown,Automatic,even plate,0,0,0,0,0,0,0,0,0,0,0,144000000,2930000
397,BRIO RS 1.2,Honda,2016,65.0,Unkown,Automatic,odd plate,0,0,0,0,0,0,0,0,0,0,0,141000000,2870000
398,XPANDER ULTIMATE 1.5,Mitsubishi,2018,109.0,Unkown,Automatic,odd plate,0,0,0,0,0,0,0,0,0,0,0,209000000,4260000
399,XPANDER CROSS 1.5,Mitsubishi,2019,41.0,Unkown,Automatic,odd plate,0,0,0,0,0,0,0,0,0,0,0,235000000,4790000
400,GRAND LIVINA HIGHWAY STAR AUTECH 1.5,Nissan,2014,107.0,Unkown,Automatic,odd plate,0,0,0,0,0,0,0,0,0,0,0,137000000,2790000
401,GRAND LIVINA X-GEAR 1.5,Nissan,2016,117.0,Unkown,Automatic,odd plate,0,0,0,0,0,0,0,0,0,0,0,135000000,2750000
402,GRAND LIVINA HIGHWAY STAR AUTECH 1.5,Nissan,2017,118.0,Unkown,Automatic,even plate,0,0,0,0,0,0,0,0,0,0,0,148000000,3020000
403,GRAND LIVINA HIGHWAY STAR AUTECH 1.5,Nissan,2017,72.0,Unkown,Automatic,even plate,0,0,0,0,0,0,0,0,0,0,0,156000000,3180000
404,CARRY PICK UP 1.5,Suzuki,2020,13.0,Unkown,Manual,odd plate,0,0,0,0,0,0,0,0,0,0,0,109000000,2220000
405,CX-5 GT 2.5,Mazda,2015,134.0,Unkown,Automatic,odd plate,0,0,0,0,0,0,0,0,0,0,0,258000000,5260000
406,PAJERO SPORT DAKAR ULTIMATE 4X2 2.4,Mitsubishi,2019,43.0,Unkown,Automatic,odd plate,0,0,0,0,0,0,0,0,0,0,0,443000000,9030000
407,ERTIGA GL 1.4,Suzuki,2017,57.0,Unkown,Manual,even plate,0,0,0,0,0,0,0,0,0,0,0,141000000,2870000
408,BRIO SATYA E 1.2,Honda,2019,38.0,Unkown,Automatic,even plate,0,0,0,0,0,0,0,0,0,0,0,161000000,3280000
409,BRIO SATYA E 1.2,Honda,2019,44.0,Unkown,Automatic,even plate,0,0,0,0,0,0,0,0,0,0,0,160000000,3260000
410,BRIO SATYA E 1.2,Honda,2019,69.0,Unkown,Automatic,odd plate,0,0,0,0,0,0,0,0,0,0,0,159000000,3240000
411,BRIO RS 1.2,Honda,2020,39.0,Unkown,Automatic,even plate,0,0,0,0,0,0,0,0,0,0,0,185000000,3770000
412,BR-V E 1.5,Honda,2017,102.0,Unkown,Automatic,even plate,0,0,0,0,0,0,0,0,0,0,0,175000000,3570000
413,XPANDER EXCEED 1.5,Mitsubishi,2018,39.0,Unkown,Manual,even plate,0,0,0,0,0,0,0,0,0,0,0,197000000,4010000
414,XPANDER ULTIMATE 1.5,Mitsubishi,2018,45.0,Unkown,Automatic,even plate,0,0,0,0,0,0,0,0,0,0,0,212000000,4320000
415,XPANDER ULTIMATE 1.5,Mitsubishi,2018,46.0,Unkown,Automatic,even plate,0,0,0,0,0,0,0,0,0,0,0,212000000,4320000
416,XPANDER ULTIMATE 1.5,Mitsubishi,2018,57.0,Unkown,Automatic,even plate,0,0,0,0,0,0,0,0,0,0,0,212000000,4320000
417,XPANDER ULTIMATE 1.5,Mitsubishi,2018,47.0,Unkown,Automatic,odd plate,0,0,0,0,0,0,0,0,0,0,0,212000000,4320000
418,AVANZA G 1.3,Toyota,2014,99.0,Unkown,Automatic,odd plate,0,0,0,0,0,0,0,0,0,0,0,122000000,2490000
419,AVANZA G 1.3,Toyota,2018,48.0,Unkown,Automatic,odd plate,0,0,0,0,0,0,0,0,0,0,0,161000000,3280000
420,AVANZA G 1.3,Toyota,2019,59.0,Unkown,Automatic,even plate,0,0,0,0,0,0,0,0,0,0,0,181000000,3690000
421,AVANZA G 1.3,Toyota,2019,38.0,Unkown,Automatic,even plate,0,0,0,0,0,0,0,0,0,0,0,182000000,3710000
422,KIJANG INNOVA V 2.0,Toyota,2016,104.0,Unkown,Manual,odd plate,0,0,0,0,0,0,0,0,0,0,0,256000000,5220000
423,CALYA G 1.2,Toyota,2018,88.0,Unkown,Automatic,odd plate,0,0,0,0,0,0,0,0,0,0,0,124000000,2530000
424,KIJANG INNOVA G 2.0,Toyota,2013,135.0,Unkown,Automatic,odd plate,0,0,0,0,0,0,0,0,0,0,0,171000000,3480000
425,KIJANG INNOVA REBORN G 2.4,Toyota,2019,28.0,Unkown,Automatic,even plate,0,0,0,0,0,0,0,0,0,0,0,339000000,6910000
426,RAIZE TURBO G 1.0,Toyota,2021,39.0,Unkown,Automatic,odd plate,0,0,0,0,0,0,0,0,0,0,0,210000000,4280000
427,RUSH S TRD SPORTIVO 1.5,Toyota,2018,79.0,Unkown,Automatic,even plate,0,0,0,0,0,0,0,0,0,0,0,212000000,4320000
428,SIENTA V 1.5,Toyota,2016,85.0,Unkown,Automatic,odd plate,0,0,0,0,0,0,0,0,0,0,0,174000000,3550000
429,SIENTA V 1.5,Toyota,2018,104.0,Unkown,Automatic,even plate,0,0,0,0,0,0,0,0,0,0,0,186000000,3790000
430,YARIS S TRD 1.5,Toyota,2019,58.0,Unkown,Automatic,even plate,0,0,0,0,0,0,0,0,0,0,0,221000000,4500000
431,XPANDER SPORT 1.5,Mitsubishi,2017,41.0,Unkown,Automatic,even plate,0,0,0,0,0,0,0,0,0,0,0,199000000,4050000
432,CONFERO S 1.5,Wuling,2019,51.0,Unkown,Manual,odd plate,0,0,0,0,0,0,0,0,0,0,0,109000000,2220000
433,CALYA E 1.2,Toyota,2019,78.0,Unkown,Manual,even plate,0,0,0,0,0,0,0,0,0,0,0,120000000,2440000
434,XPANDER ULTIMATE 1.5,Mitsubishi,2018,61.0,Unkown,Automatic,odd plate,0,0,0,0,0,0,0,0,0,0,0,210000000,4280000
435,ERTIGA GX 1.5,Suzuki,2019,58.0,Unkown,Manual,odd plate,0,0,0,0,0,0,0,0,0,0,0,178000000,3630000
436,KIJANG INNOVA REBORN G 2.0,Toyota,2019,86.0,Unkown,Automatic,odd plate,0,0,0,0,0,0,0,0,0,0,0,281000000,5730000
437,GO+ PANCA T 1.2,Datsun,2016,25.0,Unkown,Manual,even plate,0,0,0,0,0,0,0,0,0,0,0,78000000,1590000
438,2 GT 1.5,Mazda,2016,83.0,Unkown,Automatic,even plate,0,0,0,0,0,0,0,0,0,0,0,187000000,3810000
439,JAZZ RS 1.5,Honda,2017,83.0,Tangerang Selatan,Automatic,odd plate,0,0,0,0,0,0,0,0,0,0,1,210000000,4280000
440,LIVINA VL 1.5,Nissan,2019,71.0,Jakarta Timur,Automatic,even plate,1,0,0,0,0,0,1,0,0,0,0,179000000,3650000
441,YARIS S TRD 1.5,Toyota,2018,78.0,Tangerang Selatan,Automatic,even plate,0,0,1,0,0,0,0,0,0,0,0,202000000,4120000
442,BRIO SATYA E 1.2,Honda,2020,51.0,Bogor,Automatic,even plate,0,0,0,0,0,0,0,1,0,0,0,151000000,3080000
443,HR-V E 1.5,Honda,2016,93.0,Jakarta Selatan,Automatic,odd plate,0,0,0,1,0,0,0,0,0,0,0,195000000,3970000
444,TERIOS R 1.5,Daihatsu,2018,94.0,Jakarta Pusat,Automatic,odd plate,0,0,0,0,0,1,1,0,0,0,0,187000000,3810000
445,AVANZA G 1.3,Toyota,2021,41.0,Tangerang Selatan,Automatic,even plate,0,0,1,0,0,0,0,0,0,0,0,174000000,3550000
446,KIJANG INNOVA REBORN G 2.0,Toyota,2017,63.0,Jakarta Pusat,Manual,even plate,0,0,0,0,0,0,0,1,0,0,0,236000000,4810000
447,LIVINA VL 1.5,Nissan,2019,52.0,Jakarta Timur,Automatic,even plate,0,0,1,0,0,0,1,0,0,0,0,206000000,4200000
448,BRIO RS 1.2,Honda,2018,80.0,Tangerang Selatan,Manual,even plate,0,0,1,0,0,0,0,0,0,0,0,134000000,2730000
449,MOBILIO RS 1.5,Honda,2018,36.0,Jakarta Utara,Automatic,even plate,0,0,1,0,0,0,0,1,0,0,0,173000000,3520000
450,RUSH S TRD SPORTIVO 1.5,Toyota,2018,61.0,Jakarta Timur,Manual,even plate,0,0,1,0,0,0,1,0,0,0,0,198000000,4030000
451,HR-V SE 1.5,Honda,2019,60.0,Jakarta Timur,Automatic,odd plate,0,0,1,1,0,0,0,0,0,0,0,258000000,5260000
452,TERIOS R 1.5,Daihatsu,2019,53.0,Bekasi,Manual,odd plate,1,0,1,0,0,0,0,0,0,0,0,195000000,3970000
453,BRIO SATYA E 1.2,Honda,2018,71.0,Jakarta Utara,Automatic,odd plate,0,0,0,0,0,0,0,1,0,0,0,136000000,2770000
454,ERTIGA GX 1.4,Suzuki,2014,122.0,Surabaya,Automatic,even plate,0,0,0,0,0,0,0,0,0,0,0,129000000,2630000
455,MOBILIO E 1.5,Honda,2016,82.0,Bekasi,Automatic,odd plate,1,0,0,0,0,0,0,1,0,0,0,144000000,2930000
456,AGYA G TRD 1.2,Toyota,2019,99.0,Bekasi,Automatic,odd plate,0,0,0,0,0,0,0,0,0,0,0,128000000,2610000
457,CARRY PICK UP 1.5,Suzuki,2019,18.0,Bandung,Manual,odd plate,0,0,0,0,0,0,0,0,0,0,0,92000000,1870000
458,RUSH S 1.5,Toyota,2014,74.0,Jakarta Utara,Manual,odd plate,0,0,1,0,0,0,0,0,0,0,0,150000000,3060000
459,AYLA R 1.2,Daihatsu,2019,33.0,Tangerang Selatan,Manual,odd plate,0,0,0,0,0,0,0,0,0,0,0,116000000,2360000
460,AGYA G TRD 1.2,Toyota,2019,16.0,Jakarta Utara,Manual,even plate,0,0,0,0,0,0,0,0,0,0,0,122000000,2490000
461,CALYA G 1.2,Toyota,2021,18.0,Bandung,Automatic,even plate,0,0,1,0,0,0,0,0,0,0,0,142000000,2890000
462,HR-V E 1.5,Honda,2021,39.0,Tangerang Selatan,Automatic,odd plate,0,0,1,0,0,0,0,0,0,0,1,282000000,5750000
463,KIJANG INNOVA V 2.0,Toyota,2021,11.0,Bogor,Automatic,even plate,0,0,1,0,0,0,0,0,0,0,0,370000000,7540000
464,FORTUNER G TRD 2.5,Toyota,2014,89.0,Jakarta Pusat,Automatic,odd plate,1,0,1,0,0,0,0,0,0,0,0,282000000,5750000
465,HR-V S 1.5,Honda,2017,71.0,Jakarta Timur,Automatic,even plate,0,0,1,0,0,1,0,0,0,0,0,197000000,4010000
466,CALYA G 1.2,Toyota,2019,72.0,Jakarta Utara,Manual,even plate,0,0,0,0,0,0,0,0,0,0,0,126000000,2570000
467,SX4 S-CROSS 1.5,Suzuki,2019,35.0,Jakarta Barat,Automatic,odd plate,0,0,1,0,0,0,0,0,0,0,0,192000000,3910000
468,KARIMUN GS 1.0,Suzuki,2017,94.0,Jakarta Barat,Manual,odd plate,0,0,0,0,0,0,0,0,0,0,0,92000000,1870000
469,ERTIGA GX 1.4,Suzuki,2018,85.0,Malang,Automatic,odd plate,1,0,1,0,0,0,0,0,0,0,0,160000000,3260000
470,CALYA G 1.2,Toyota,2016,84.0,Tangerang Selatan,Manual,odd plate,0,0,0,0,0,0,0,0,0,0,0,108000000,2200000
471,TERIOS TX 1.5,Daihatsu,2014,102.0,Jakarta Timur,Manual,even plate,1,0,1,0,0,0,0,0,0,0,0,141000000,2870000
472,SIGRA X 1.2,Daihatsu,2020,38.0,Jakarta Selatan,Automatic,even plate,0,0,0,0,0,0,0,0,0,0,0,131000000,2670000
473,ALMAZ LT LUX 1.5,Wuling,2019,54.0,Jakarta Barat,Automatic,odd plate,0,0,1,0,0,0,0,0,1,0,0,203000000,4139999
474,XENIA R 1.3,Daihatsu,2014,95.0,Bogor,Manual,even plate,0,0,0,0,0,0,0,0,0,0,0,116000000,2360000
475,AYLA R 1.2,Daihatsu,2018,61.0,Depok,Manual,odd plate,0,0,0,0,0,0,0,0,0,0,0,111000000,2260000
476,CITY RS HATCHBACK 1.5,Honda,2021,41.0,Tangerang Selatan,Automatic,even plate,0,0,1,0,0,0,0,0,0,0,0,262000000,5340000
477,BR-V E 1.5,Honda,2019,75.0,Bogor,Automatic,even plate,0,0,1,0,0,0,0,1,0,0,0,194000000,3950000
478,CALYA G 1.2,Toyota,2017,68.0,Bogor,Manual,odd plate,0,0,0,0,0,0,0,0,0,0,0,113000000,2300000
479,ERTIGA SPORT GT 1.5,Suzuki,2019,96.0,Jakarta Utara,Automatic,odd plate,0,0,1,0,0,1,0,0,0,0,0,192000000,3910000
480,IGNIS GL 1.2,Suzuki,2018,30.0,Bogor,Automatic,odd plate,0,0,0,0,0,0,0,1,0,0,0,126000000,2570000
481,CALYA G 1.2,Toyota,2016,75.0,Tangerang Selatan,Manual,even plate,1,0,0,0,0,0,0,0,0,0,0,106000000,2160000
482,2 GT SKYACTIV 1.5,Mazda,2018,46.0,Depok,Automatic,odd plate,0,0,1,0,0,0,0,0,0,0,1,209000000,4260000
483,AVANZA VELOZ 1.5,Toyota,2020,29.0,Bandung,Manual,odd plate,0,0,1,0,0,0,1,0,0,0,0,197000000,4010000
484,AVANZA VELOZ 1.5,Toyota,2021,61.0,Depok,Automatic,odd plate,0,0,1,0,0,0,1,0,0,0,0,222000000,4520000
485,BRIO SATYA E 1.2,Honda,2021,49.0,Jakarta Barat,Automatic,even plate,0,0,0,0,0,0,0,1,0,0,0,164000000,3340000
486,IGNIS GX 1.2,Suzuki,2019,64.0,Jakarta Pusat,Automatic,even plate,0,0,1,0,0,0,0,1,0,0,0,141000000,2870000
487,HR-V E 1.5,Honda,2017,62.0,Jakarta Utara,Automatic,odd plate,0,0,1,0,0,0,0,0,0,0,0,219000000,4460000
488,MOBILIO S 1.5,Honda,2020,50.0,Bogor,Manual,odd plate,0,0,0,0,0,0,0,0,0,0,0,164000000,3340000
489,CALYA G 1.2,Toyota,2019,55.0,Jakarta Utara,Manual,odd plate,0,0,0,0,0,0,0,0,0,0,0,122000000,2490000
490,YARIS S TRD 1.5,Toyota,2018,69.0,Jakarta Selatan,Manual,even plate,0,0,1,0,0,1,0,0,0,0,0,183000000,3730000
491,XPANDER ULTIMATE 1.5,Mitsubishi,2017,60.0,Jakarta Barat,Automatic,even plate,0,0,1,0,0,1,0,0,0,0,0,207000000,4220000
492,CIVIC FB2 1.8,Honda,2015,58.0,Bogor,Automatic,even plate,0,0,1,0,0,0,0,0,0,0,0,199000000,4050000
493,RAIZE GR TWO TONE 1.0,Toyota,2021,15.0,Bogor,Automatic,even plate,0,0,1,0,0,0,0,0,0,0,0,224000000,4560000
494,CALYA G 1.2,Toyota,2016,103.0,Malang,Automatic,even plate,0,0,0,0,0,0,0,0,0,0,0,113000000,2300000
495,BRIO SATYA E 1.2,Honda,2018,70.0,Bogor,Manual,odd plate,0,0,0,0,0,0,0,0,0,0,0,128000000,2610000
496,MOBILIO E 1.5,Honda,2018,52.0,Jakarta Utara,Automatic,even plate,1,0,0,0,0,0,0,1,0,0,0,164000000,3340000
497,HR-V E 1.5,Honda,2019,39.0,Jakarta Utara,Automatic,even plate,0,0,1,0,0,0,0,0,0,0,0,265000000,5400000
498,XPANDER SPORT 1.5,Mitsubishi,2019,50.0,Bekasi,Manual,even plate,0,0,1,0,0,1,0,0,0,0,0,200000000,4080000
499,BRIO SATYA E 1.2,Honda,2019,41.0,Bogor,Automatic,odd plate,0,0,0,0,0,0,0,1,0,0,0,154000000,3140000
500,RUSH S TRD SPORTIVO 1.5,Toyota,2020,10.0,Jakarta Barat,Manual,odd plate,0,0,1,0,0,0,0,0,0,0,0,234000000,4770000
501,ERTIGA DREZA 1.4,Suzuki,2017,29.0,Jakarta Barat,Manual,odd plate,0,0,1,0,0,0,0,0,0,0,0,151000000,3080000
502,AGYA G TRD 1.2,Toyota,2020,22.0,Surabaya,Manual,even plate,1,0,0,0,0,0,0,0,0,0,0,130000000,2650000
503,RUSH S GR SPORT 1.5,Toyota,2021,34.0,Jakarta Selatan,Automatic,even plate,0,0,1,0,0,1,0,0,0,0,0,242000000,4930000
504,XL7 ZETA GL 1.5,Suzuki,2020,38.0,Tangerang Selatan,Automatic,odd plate,1,0,0,0,0,0,0,0,0,0,0,188000000,3830000
505,XL7 BETA 1.5,Suzuki,2021,55.0,Bogor,Automatic,odd plate,0,0,1,0,0,1,0,0,0,0,0,208000000,4240000
506,AGYA G 1.2,Toyota,2019,69.0,Tangerang Selatan,Automatic,odd plate,0,0,0,0,0,0,0,0,0,0,0,128000000,2610000
507,BRIO SATYA E 1.2,Honda,2018,51.0,Jakarta Barat,Manual,even plate,0,0,0,0,0,0,0,0,0,0,0,126000000,2570000
508,BRIO SATYA E 1.2,Honda,2020,55.0,Depok,Automatic,odd plate,0,0,0,0,0,0,0,1,0,0,0,160000000,3260000
509,X-TRAIL URBAN SELECTION 2.5,Nissan,2014,80.0,Depok,Automatic,odd plate,0,0,1,0,0,0,1,0,0,0,0,173000000,3520000
510,CALYA G 1.2,Toyota,2022,5.0,Tangerang Selatan,Automatic,even plate,0,0,1,0,0,0,0,0,0,0,0,151000000,3080000
511,AYLA X 1.0,Daihatsu,2018,64.0,Bandung,Manual,odd plate,0,0,0,0,0,0,0,0,0,0,0,99000000,2020000
512,CALYA G 1.2,Toyota,2020,47.0,Bekasi,Automatic,even plate,0,0,1,0,0,0,0,0,0,0,0,137000000,2790000
513,CALYA G 1.2,Toyota,2020,36.0,Depok,Automatic,even plate,0,0,1,0,0,0,0,0,0,0,0,142000000,2890000
514,BRIO RS 1.2,Honda,2019,49.0,Jakarta Timur,Automatic,odd plate,0,0,1,0,0,0,0,1,0,0,0,178000000,3630000
515,HR-V E 1.5,Honda,2017,74.0,Jakarta Selatan,Automatic,even plate,0,0,1,0,0,0,0,0,0,0,0,219000000,4460000
516,JUKE 1.5,Nissan,2014,107.0,Bekasi,Automatic,even plate,1,0,1,0,0,0,0,0,0,0,0,146000000,2970000
517,AGYA G TRD 1.2,Toyota,2018,46.0,Jakarta Timur,Automatic,even plate,0,0,0,0,0,0,0,0,0,0,0,127000000,2590000
518,RUSH S TRD SPORTIVO 1.5,Toyota,2018,35.0,Jakarta Timur,Automatic,odd plate,0,0,1,0,0,1,0,0,0,0,0,214000000,4360000
519,BRIO SATYA E 1.2,Honda,2019,16.0,Bekasi,Manual,odd plate,0,0,0,0,0,0,0,0,0,0,0,141000000,2870000
520,CALYA G 1.2,Toyota,2016,65.0,Bekasi,Manual,even plate,0,0,0,0,0,0,0,0,0,0,0,108000000,2200000
521,AYLA X 1.0,Daihatsu,2014,100.0,Tangerang Selatan,Manual,even plate,0,0,0,0,0,0,0,0,0,0,0,84000000,1710000
522,XPANDER ULTIMATE 1.5,Mitsubishi,2018,81.0,Jakarta Selatan,Automatic,even plate,0,0,1,0,0,0,0,0,0,0,1,213000000,4340000
523,ROCKY X 1.2,Daihatsu,2021,40.0,Jakarta Barat,Automatic,odd plate,0,0,1,0,0,1,0,0,0,0,0,191000000,3890000
524,MOBILIO S 1.5,Honda,2018,35.0,Bogor,Manual,even plate,0,0,0,0,0,0,0,0,0,0,0,145000000,2950000
525,AVANZA VELOZ 1.5,Toyota,2017,94.0,Bandung,Automatic,odd plate,1,0,0,0,0,0,0,0,0,0,0,164000000,3340000
526,IGNIS GX 1.2,Suzuki,2019,54.0,Tangerang Selatan,Automatic,odd plate,0,0,1,0,0,0,0,0,0,0,0,134000000,2730000
527,AVANZA E 1.3,Toyota,2018,128.0,Depok,Automatic,odd plate,0,0,0,0,0,0,0,0,0,0,0,130000000,2650000
528,SIRION M602RS 1.3,Daihatsu,2017,87.0,Jakarta Barat,Automatic,odd plate,0,0,0,0,0,0,0,0,0,0,0,124000000,2530000
529,AYLA X 1.0,Daihatsu,2018,72.0,Bogor,Manual,even plate,0,0,0,0,0,0,0,0,0,0,0,91000000,1850000
530,SIRION M602RS 1.3,Daihatsu,2012,88.0,Jakarta Utara,Automatic,odd plate,0,0,0,0,0,0,0,0,0,0,0,88000000,1790000
531,MOBILIO E 1.5,Honda,2017,63.0,Bogor,Automatic,odd plate,0,0,0,0,0,0,0,1,0,0,0,154000000,3140000
532,HR-V E 1.5,Honda,2019,59.0,Jakarta Timur,Automatic,even plate,0,0,1,1,0,0,0,0,0,0,0,264000000,5380000
533,KIJANG INNOVA REBORN G 2.4,Toyota,2019,58.0,Bogor,Automatic,even plate,0,0,0,0,0,0,0,0,0,0,0,340000000,6930000
534,CALYA G 1.2,Toyota,2017,92.0,Tangerang Selatan,Automatic,odd plate,0,0,0,0,0,0,0,0,0,0,0,120000000,2440000
535,BRIO SATYA E 1.2,Honda,2019,47.0,Tangerang Selatan,Automatic,odd plate,0,0,0,0,0,0,0,1,0,0,0,156000000,3180000
536,XENIA R STD 1.3,Daihatsu,2019,34.0,Jakarta Barat,Manual,odd plate,1,0,1,0,0,0,0,0,0,0,0,168000000,3420000
537,BR-V E 1.5,Honda,2018,67.0,Bogor,Automatic,odd plate,1,0,1,0,0,0,0,0,0,0,0,184000000,3750000
538,XPANDER ULTIMATE 1.5,Mitsubishi,2019,28.0,Tangerang Selatan,Automatic,even plate,0,0,1,0,0,0,0,0,0,0,1,222000000,4520000
539,XPANDER ULTIMATE 1.5,Mitsubishi,2018,54.0,Bekasi,Automatic,odd plate,1,0,1,0,0,0,0,0,0,0,0,213000000,4340000
540,FORTUNER G 2.5,Toyota,2014,95.0,Depok,Automatic,even plate,0,0,1,0,0,0,0,0,0,0,0,274000000,5580000
541,MARCH L 1.2,Nissan,2016,90.0,Bogor,Automatic,even plate,0,0,0,0,0,0,0,0,0,0,0,112000000,2280000
542,SX4 S-CROSS 1.5,Suzuki,2018,93.0,Tangerang Selatan,Automatic,even plate,1,0,1,0,0,0,0,0,0,0,0,184000000,3750000
543,YARIS S TRD 1.5,Toyota,2021,15.0,Tangerang Selatan,Automatic,even plate,0,0,1,0,0,0,1,0,0,0,0,244000000,4970000
544,SIENTA Q 1.5,Toyota,2017,58.0,Jakarta Pusat,Automatic,even plate,0,0,1,0,0,0,0,0,0,1,0,187000000,3810000
545,CALYA G 1.2,Toyota,2019,54.0,Jakarta Utara,Manual,odd plate,0,0,0,0,0,0,0,0,0,0,0,121000000,2470000
546,KARIMUN GL 1.0,Suzuki,2015,67.0,Tangerang Selatan,Automatic,even plate,0,0,0,0,0,0,0,0,0,0,0,86000000,1750000
547,ROCKY R 1.0,Daihatsu,2021,37.0,Bandung,Automatic,odd plate,1,0,1,0,0,0,0,0,0,0,0,220000000,4480000
548,CROSS 1.2,Datsun,2018,49.0,Bogor,Automatic,odd plate,0,0,0,0,0,1,0,0,0,0,0,112000000,2280000
549,BRIO SATYA S 1.2,Honda,2016,29.0,Jakarta Timur,Manual,odd plate,0,0,0,0,0,0,0,0,0,0,0,112000000,2280000
550,GRAND LIVINA SV 1.5,Nissan,2013,109.0,Bogor,Automatic,even plate,0,0,0,0,0,0,0,0,0,0,0,95000000,1940000
551,BR-V PRESTIGE 1.5,Honda,2020,44.0,Tangerang Selatan,Automatic,even plate,0,0,1,0,0,0,0,1,0,0,0,214000000,4360000
552,2 GT SKYACTIV 1.5,Mazda,2015,66.0,Jakarta Barat,Automatic,even plate,1,0,0,0,1,0,0,0,0,0,0,181000000,3690000
553,XPANDER ULTIMATE 1.5,Mitsubishi,2018,63.0,Jakarta Pusat,Automatic,even plate,0,0,1,0,0,1,0,0,0,0,0,210000000,4280000
554,ALMAZ LT LUX 1.5,Wuling,2019,49.0,Bekasi,Automatic,odd plate,0,0,0,1,0,0,0,0,1,0,0,204000000,4160000
555,X-TRAIL 2.5,Nissan,2015,68.0,Bogor,Automatic,odd plate,0,0,1,0,0,0,0,0,0,0,0,209000000,4260000
556,COLT L300 PICK UP 2.5,Mitsubishi,2022,1.0,Jakarta Utara,Manual,odd plate,0,0,0,0,0,0,0,0,0,0,0,177000000,3610000
557,SX4 S-CROSS 1.5,Suzuki,2016,77.0,Jakarta Selatan,Automatic,even plate,0,0,1,0,0,0,1,0,0,0,0,160000000,3260000
558,BRIO SATYA E 1.2,Honda,2017,65.0,Bekasi,Automatic,even plate,0,0,0,0,0,0,0,1,0,0,0,132000000,2690000
559,PAJERO SPORT DAKAR 4X2 2.4,Mitsubishi,2016,29.0,Tangerang Selatan,Automatic,even plate,0,1,0,1,0,0,0,0,0,0,0,404000000,8230000
560,FREED E 1.5,Honda,2010,170.0,Tangerang Selatan,Automatic,even plate,0,0,1,0,0,0,0,0,0,1,0,129000000,2630000
561,SX4 S-CROSS 1.5,Suzuki,2022,10.0,Tangerang Selatan,Automatic,odd plate,1,0,0,0,0,0,0,0,0,0,0,241000000,4910000
562,AVANZA G 1.3,Toyota,2018,25.0,Jakarta Barat,Automatic,even plate,0,0,0,0,0,0,0,0,0,0,0,160000000,3260000
563,CX-5 ELITE 2.5,Mazda,2019,29.0,Bandung,Automatic,even plate,0,1,1,0,0,0,0,0,0,0,0,433000000,8820000
564,SIENTA G 1.5,Toyota,2017,71.0,Depok,Automatic,even plate,1,0,0,0,0,0,0,0,0,1,0,163000000,3320000
565,SIGRA M 1.0,Daihatsu,2019,19.0,Jakarta Utara,Manual,even plate,0,0,0,0,0,0,0,0,0,0,0,109000000,2220000
566,SIGRA R 1.2,Daihatsu,2022,9.0,Jakarta Pusat,Manual,even plate,1,0,0,0,0,0,0,0,0,0,0,136000000,2770000
567,BRIO SATYA E 1.2,Honda,2016,98.0,Jakarta Pusat,Manual,odd plate,0,0,0,0,0,0,0,0,0,0,0,118000000,2400000
568,BRIO SATYA E 1.2,Honda,2018,61.0,Jakarta Utara,Automatic,odd plate,0,0,0,0,0,0,0,1,0,0,0,142000000,2890000
569,2 R 1.5,Mazda,2019,38.0,Jakarta Utara,Automatic,even plate,0,0,1,0,0,0,0,0,0,0,1,220000000,4480000
570,AGYA G TRD SPORTIVO 1.2,Toyota,2021,40.0,Jakarta Barat,Automatic,even plate,0,0,1,0,0,0,1,0,0,0,0,147000000,3000000
571,GRAND LIVINA HIGHWAY STAR 1.5,Nissan,2015,60.0,Bogor,Automatic,odd plate,1,0,0,0,0,0,0,0,0,0,0,131000000,2670000
572,X-TRAIL 2.0,Nissan,2016,62.0,Jakarta Barat,Automatic,odd plate,0,0,1,0,0,0,1,0,0,0,0,199000000,4050000
573,CR-V TURBO PRESTIGE 1.5,Honda,2018,85.0,Jakarta Selatan,Automatic,odd plate,0,1,0,0,0,0,0,0,0,0,0,382000000,7780000
574,AVANZA G 1.3,Toyota,2014,104.0,Bekasi,Manual,odd plate,0,0,0,0,0,0,0,0,0,0,0,122000000,2490000
575,3 20I (CKD) 2.0,BMW,2019,48.0,Jakarta Selatan,Automatic,even plate,0,0,0,0,1,0,0,1,0,0,0,446000000,9090000
576,MARCH 1.5,Nissan,2015,37.0,Jakarta Utara,Manual,even plate,0,0,1,0,0,0,1,0,0,0,0,113000000,2300000
577,CARRY PICK UP 1.5,Suzuki,2021,12.0,Bekasi,Manual,odd plate,1,0,0,0,0,0,0,0,0,0,0,118000000,2400000
578,AGYA G 1.0,Toyota,2015,58.0,Bandung,Automatic,even plate,0,0,0,0,0,0,0,0,0,0,0,100000000,2040000
579,IGNIS GX 1.2,Suzuki,2019,21.0,Jakarta Utara,Automatic,odd plate,1,0,0,0,0,0,0,0,0,0,0,145000000,2950000
580,SIGRA R STD 1.2,Daihatsu,2019,41.0,Jakarta Barat,Manual,even plate,0,0,0,0,0,0,0,0,0,0,0,122000000,2490000
581,KIJANG INNOVA REBORN G 2.0,Toyota,2019,44.0,Bogor,Automatic,odd plate,1,0,0,0,0,0,0,1,0,0,0,278000000,5660000
582,MARCH 1.2,Nissan,2016,72.0,Jakarta Barat,Manual,odd plate,0,0,0,0,0,0,0,0,0,0,0,101000000,2060000
583,BRIO E 1.3,Honda,2012,89.0,Jakarta Pusat,Manual,odd plate,0,0,0,0,0,0,0,0,0,0,0,102000000,2080000
584,SIGRA R STD 1.2,Daihatsu,2018,13.0,Bekasi,Manual,even plate,0,0,0,0,0,0,0,0,0,0,0,117000000,2380000
585,XPANDER ULTIMATE 1.5,Mitsubishi,2019,52.0,Jakarta Barat,Automatic,even plate,0,0,1,0,0,0,0,0,0,0,1,222000000,4520000
586,AVANZA G 1.3,Toyota,2011,67.0,Tangerang Selatan,Manual,even plate,0,0,0,0,0,0,0,0,0,0,0,100000000,2040000
587,BRIO RS 1.2,Honda,2016,41.0,Tangerang Selatan,Automatic,even plate,0,0,1,0,0,0,0,1,0,0,0,142000000,2890000
588,BRIO RS 1.2,Honda,2018,55.0,Bekasi,Automatic,even plate,0,0,1,0,0,0,0,1,0,0,0,155000000,3160000
589,MOBILIO E 1.5,Honda,2017,94.0,Jakarta Utara,Automatic,even plate,1,0,0,0,0,0,0,1,0,0,0,159000000,3240000
590,RUSH S TRD SPORTIVO 1.5,Toyota,2019,40.0,Bogor,Automatic,even plate,0,0,1,0,0,0,1,0,0,0,0,224000000,4560000
591,SIENTA Q 1.5,Toyota,2017,67.0,Jakarta Timur,Automatic,odd plate,0,0,1,0,0,0,0,0,0,1,0,191000000,3890000
592,SIGRA R DLX 1.2,Daihatsu,2017,58.0,Depok,Automatic,even plate,0,0,0,0,0,0,0,0,0,0,0,121000000,2470000
593,XL7 ZETA GL 1.5,Suzuki,2020,35.0,Jakarta Utara,Automatic,odd plate,1,0,0,0,0,0,0,0,0,0,0,192000000,3910000
594,BRIO SATYA E 1.2,Honda,2020,19.0,Tangerang Selatan,Automatic,even plate,0,0,0,0,0,0,0,1,0,0,0,165000000,3360000
595,RUSH S TRD SPORTIVO 1.5,Toyota,2018,81.0,Jakarta Selatan,Automatic,even plate,0,0,1,0,0,1,0,0,0,0,0,210000000,4280000
596,CARRY PICK UP 1.5,Suzuki,2022,14.0,Depok,Manual,even plate,0,0,0,0,0,0,0,0,0,0,0,110000000,2240000
597,IGNIS GX 1.2,Suzuki,2017,82.0,Jakarta Utara,Automatic,odd plate,0,0,1,0,0,0,1,0,0,0,0,131000000,2670000
598,2 GT 1.5,Mazda,2016,53.0,Tangerang Selatan,Automatic,even plate,0,0,1,0,0,0,1,0,0,0,0,184000000,3750000
599,XL7 ALPHA 1.5,Suzuki,2020,53.0,Jakarta Timur,Automatic,even plate,0,0,1,0,0,0,1,0,0,0,0,218000000,4440000
600,LIVINA VL 1.5,Nissan,2019,39.0,Jakarta Timur,Automatic,odd plate,0,0,1,0,0,1,0,0,0,0,0,202000000,4120000
601,FREED S 1.5,Honda,2013,92.0,Tangerang Selatan,Automatic,even plate,0,0,0,0,0,0,0,0,0,0,0,158000000,3220000
602,AGYA G 1.2,Toyota,2018,61.0,Bogor,Automatic,odd plate,0,0,0,0,0,0,0,0,0,0,0,122000000,2490000
603,AVANZA VELOZ 1.5,Toyota,2020,50.0,Bogor,Automatic,odd plate,1,0,1,0,0,0,0,0,0,0,0,204000000,4160000
604,RAIZE GR SPORT TSS 1.0,Toyota,2021,32.0,Bogor,Automatic,odd plate,0,0,1,0,0,0,0,0,0,0,0,234000000,4770000
605,AGYA G TRD 1.2,Toyota,2019,26.0,Jakarta Utara,Automatic,odd plate,0,0,0,0,0,0,0,0,0,0,0,136000000,2770000
606,STARGAZER PRIME 1.5,Hyundai,2022,3.0,Bogor,Automatic,even plate,0,0,1,0,0,0,0,0,0,0,0,246000000,5010000
607,CALYA G 1.2,Toyota,2017,34.0,Jakarta Utara,Manual,even plate,0,0,0,0,0,0,0,0,0,0,0,116000000,2360000
608,XENIA R SPORTY 1.3,Daihatsu,2017,91.0,Bogor,Manual,even plate,1,0,0,0,0,0,0,0,0,0,0,149000000,3040000
